id,headline,label
1,ವೈಭವ್ ಅಬ್ಬರಕ್ಕೆ ತಲೆಬಾಗಿದ ಇಂಗ್ಲೆಂಡ್ ಭಾರತಕ್ಕೆ ಚಾಂಪಿಯನ್ ಪಟ್ಟ,0
2,ಮೆಟ್ರೊ ಟಿಕೆಟ್ ದರ ಏರಿಕೆ ಕೊನೆಗೂ ಮೌನಮುರಿದ ಸಿದ್ದರಾಮಯ್ಯ,0
3,ಶಿಕಾರಿಪುರದಲ್ಲಿ ನಾಡ ಬಂದೂಕು ತಯಾರಿಕಾ ಜಾಲ ಪತ್ತೆ,0
4,ಪಾಕಿಸ್ತಾನದಲ್ಲಿ ಮುಸ್ಲಿಮರ ಮಸೀದಿ ಮೇಲೂ ಬಾಂಬ್ ದಾಳಿ ನಡೆದಿದ್ದೇಕೆ,1
5,ಟಿ20 ವಿಶ್ವಕಪ್ ತಂಡಗಳು ಮತ್ತು ವೇಳಾಪಟ್ಟಿ ವಿವರ,0
6,ಬೆಂಗಳೂರು ಚಿತ್ರೋತ್ಸವ ಲಾಸ್ಟ್ ಲ್ಯಾಂಡ್ಗೆ ಅತ್ಯುತ್ತಮ ಸಿನಿಮಾ ಪ್ರಶಸ್ತಿ,0
7,ಸಂತ್ರಸ್ತರ ಸೂರಿಗಾಗಿ ಕೊಟ್ಟ ಜಾಗದಲ್ಲಿ ಮಸೀದಿ ನಿರ್ಮಾಣ ಭುಗಿಲೆದ್ದ ಆಕ್ರೋಶ,1
8,ಬಡವರ ಬಾದಾಮಿ ಬೆಳೆದ ರೈತರಿಗೀಗ ಸಂಕಷ್ಟ ದಲ್ಲಾಳಿ ಮೋಸ,1
9,ಘೂಸ್ಖೋರ್ ಪಂಡತ್ ವಿವಾದ ಟೀಸರ್ ಡಿಲೀಟ್ ಮಾಡಿದ ನೆಟ್ಫ್ಲಿಕ್ಸ್,0
10,ಯುವ ಆಲ್ರೌಂಡರ್ ಔಟ್ ಭಾರತ ತಂಡಕ್ಕೆ ಅನುಭವಿ ವೇಗಿ ಇನ್,0
11,ಚಿನ್ನ ಮತ್ತು ಬೆಳ್ಳಿ ಬೆಲೆ ಮತ್ತೆ ಕುಸಿತ,0
12,ಬಿಗ್ ಬಾಸ್ ಅನುಷಾ ರೈ ಬೋಲ್ಡ್ ಅವತಾರ,0
13,ಸಿನಿಮಾಗಳಲ್ಲಿ ನಟಿಸುವುದು ಕಡಿಮೆ ಮಾಡುತ್ತಾರಂತೆ ಆಲಿಯಾ ಭಟ್,0
14,ಫುಟ್ಬಾಲರ್ ಆಟಗಾರನೊಟ್ಟಿಗೆ ಪ್ರೀತಿಯಲ್ಲಿ ಬಿದ್ದ ನಟಿ ನೋರಾ ಫತೇಹಿ,0
15,ನಟಿ ಅನನ್ಯಾ ಪಾಂಡೆಗೆ ಮತ್ತೆ ಎದುರಾಯ್ತು ಸೋಲು,0
16,ಈ ಪುಣ್ಯ ಕ್ಷೇತ್ರಕ್ಕೆ ಹೋಗುವವರಿಗೆ KSTDCನಿಂದ ವಿಶೇಷ ಪ್ಯಾಕೇಜ್,0
17,ನಿಮ್ಮ ಮಕ್ಕಳಲ್ಲಿ ಈ ಗುಣಗಳಿದ್ದರೆ ನೀವೇ ಅದೃಷ್ಟವಂತರು,0
18,ಚೆನ್ನೈನಲ್ಲಿ ಹಕ್ಕಿ ಜ್ವರ ನೂರಾರು ಕಾಗೆಗಳು ಸಾವು ಕರ್ನಾಟಕಕ್ಕೂ ಭೀತಿ,0
19,ದಿವ್ಯಾಂಗ ಮಹಿಳೆಯರೊಂದಿಗೆ ಮೊದಲ ವಿವಾಹ ವಾರ್ಷಿಕೋತ್ಸವ ಆಚರಿಸಿದ ಅದಾನಿ ದಂಪತಿ,0
20,ಚಿನ್ನದ ಬೆಲೆ 5000 ರೂಪಾಯಿ ದಿಢೀರ್ ಕುಸಿತ,0
21,ಪುಂಡರಿಗೆ ಅಂಜಲ್ಲ ಪೊಲೀಸ್ರಂದ್ರೂ ಭಯ ಇಲ್ಲ ಆದ್ರೆ ಹೆಂಡತಿನ ಕಂಡ್ರೆ ಭಯ ಬೀಳ್ತಾನೆ ಆಸಾಮಿ,2
22,ಕಣ್ಣಿಗೆ ಚಾಕು ಇರಿದು ಕೈ ಮುರಿದ ಕಳಿಸಿದ 1ನೇ ಪತ್ನಿ,2
23,ತಾಳಿ ಕಟ್ಟುವಂತೆ ಪ್ರಿಯಕರನ ಬೆನ್ನು ಬಿದ್ದಿದ್ದ ಪ್ರಿಯತಮೆ,2
24,ಪ್ರಿಯಕರನ ಮನೆಯಲ್ಲೇ ಪ್ರೇಯಸಿ ಶವವಾಗಿ ಪತ್ತೆ,0
25,ಕೈದಿಯನ್ನು ಭೇಟಿಗೆ ಬಂದ ವೇಳೆ ಗಾಂಜಾ ಸಾಗಿಸಲು ಯತ್ನ ಇಬ್ಬರ ಬಂಧನ,0
26,ದ್ವಿತೀಯ ಪಿಯುಸಿ ಪ್ರಶ್ನೆ ಪತ್ರಿಕೆ ಲೀಕ್,0
27,ಕೇಂದ್ರವೇ ಮೆಟ್ರೋ ದರ ಏರಿಸಿದ್ದಾದ್ರೆ ರಾಜ್ಯ ಇವತ್ತೇ ಪತ್ರ ಬರೆಯಲಿ,1
28,ಪ್ರೇಮಿಗಳ ದಿನಾಚರಣೆದಂದು ನಂದಿಬೆಟ್ಟಕ್ಕೆ ಹೋಗುವ ಮುನ್ನ ಇದನ್ನು ಓದಲೇಬೇಕು,0
29,ಪಂಜಾಬ್ ನ್ಯಾಷನಲ್ ಬ್ಯಾಂಕ್ನಲ್ಲಿ ಉದ್ಯೋಗವಕಾಶ ಕರ್ನಾಟಕದಲ್ಲಿ 64 ಹುದ್ದೆ,0
30,KSRTCಯಿಂದ ಉಚಿತ ಡ್ರೈವಿಂಗ್ ತರಬೇತಿ,0
31,ಮದುವೆ ಮಾಡಿಸಿ ಎಂದು ವಿದ್ಯುತ್ ತಂತಿ ಹಿಡಿದು ನೇತಾಡಿದ 15 ವರ್ಷದ ಬಾಲಕ,2
32,ಬಿರಿಯಾನಿ ಕೊಟ್ಟು ಸಿನಿಮಾ ತೋರಿಸ್ತಿದ್ದಾರೆ ನಿರ್ಮಾಪಕರ ಟೀಕಿಸಿದ ಕೆ ಮಂಜು,1
33,ಹಿಂದೂ ಧರ್ಮಕ್ಕೆ ಅಪಮಾನವಾಗೋ ರೀತಿ ಸ್ಟೇಟಸ್ ಇಟ್ಟಿದ್ದ ಯುವಕನ ಬಂಧನ,1
34,ಪ್ರೀತಿಗೆ ಒಪ್ಪಿಲ್ಲವೆಂದು ಶಿಕ್ಷಕಿಯ ತುಟಿ ಕಚ್ಚಿ ತುಂಡರಿಸಿದ ವಿದ್ಯಾರ್ಥಿ,2
35,ಪಾಕಿಸ್ತಾನದ ಮಸೀದಿಯಲ್ಲಿ ಬಾಂಬ್ ಸ್ಫೋಟ,0
36,ರಸ್ತೆಗಳು ಮಾತ್ರವಲ್ಲ ಮನಷ್ಯರು ತಿರುಗಾಡುವ ಫುಟ್ಬಾತ್ಗಳು ಸರಿ ಇಲ್ಲ,1
37,ನೇಪಾಳದಲ್ಲಿ ಮದುವೆ ದಿಬ್ಬಣ ಕರೆದೊಯ್ಯುತ್ತಿದ್ದ ಬಸ್ ಅಪಘಾತ 13 ಜನ ಸಾವು,0
38,ಬಿಗ್ಬಾಸ್ ವಿನ್ನರ್ ಗಿಲ್ಲಿಗೆ ಎದುರಾಯ್ತು ಸಂಕಷ್ಟ ದೂರು ದಾಖಲು,0
39,ಪ್ರಭಾಸ್ ಭಾರಕ್ಕೆ ಬೆಂಡಾದ ಜಿಯೋ ಹಾಟ್ಸ್ಟಾರ್,0
40,ಆರ್ ಚಂದ್ರು ಇನ್ಮುಂದೆ ಡಾ ಆರ್ ಚಂದ್ರು ಸಿಕ್ತು ಗೌರವ ಡಾಕ್ಟರೇಟ್,0
41,ರಕ್ಕಸಪುರದೋಳ್ ಮನರಂಜನೆಯ ಪ್ಯಾಕೇಜ್,0
42,ಟಾಕ್ಸಿಕ್ ತೆಲುಗು ರಾಜ್ಯಗಳ ವಿತರಣೆ ಹಕ್ಕು ಮಾರಟ ಭಾರಿ ಮೊತ್ತಕ್ಕೆ ಡೀಲ್,0
43,RCB ಮೊದಲು ಕಪ್ ಬರ ಈಗ ಸತತ ಮೂರು ವರ್ಷಗಳಿಂದ ಆರ್ಬಿಸಿ ಮನೆಗೆ 3ನೇ ಕಪ್,0
44,ಮೆಟ್ರೊ ಪ್ರಯಾಣ ದರ ಏರಿಕೆಯ ಬೆನ್ನಲ್ಲೇ ಕಾವೇರಿ ನೀರಿನ ದರವೂ ಏರಿಕೆ,0
45,ಆಳ ಅಗಲ ಮಕ್ಕಳ ಬಾಲ್ಯ ಭವಿಷ್ಯ ಕಸಿಯುವ ಮೊಬೈಲ್,1
46,ಇದು ಸಾರ್ವಜನಿಕ ಸೇವೆಯೋ ಲೂಟಿಯೋ ಮೆಟ್ರೊ ಪ್ರಯಾಣ ದರ ಏರಿಕೆಗೆ ಆಕ್ರೋಶ,1
47,UGC ನಿಯಮ ವಿರೋಧಿಸುವವರಿಗೆ ಶಾ ಎಚ್ಚರಿಕೆ ನೀಡಿದ್ದಾರೆಂಬುದು ಸುಳ್ಳು,0
48,Karnataka Budget 10 ಇಲಾಖೆಗಳ ಮಾಹಿತಿ ಪಡೆದ ಮುಖ್ಯಮಂತ್ರಿ ಸಿದ್ದರಾಮಯ್ಯ,0
49,ವಿಶ್ಲೇಷಣೆ ಯುಜಿಸಿ ನಿಯಮದ ಸುತ್ತ ಪ್ರಹಸನ,1
50,ಸ್ಲಂ ಹುಡುಗಿ ಈಗ ಮಾಡೆಲಿಂಗ್ ಕ್ಷೇತ್ರದ ಬೆಡಗಿ ಮಲೀಶಾ ಕಾರ್ವಾ ರೋಚಕ ಕಥನ,0
51,ಸಂಪಾದಕೀಯ ಜನರಲ್ ನರವಣೆ ಪುಸ್ತಕ ವಿವಾದ ಸರ್ಕಾರ ಪ್ರಶ್ನೆಗಳಿಗೆ ಉತ್ತರಿಸಲಿ,0
52,ತುಂಗಭದ್ರಾ 10 ಗೇಟ್ಗಳು ಅಂತಿಮ ಹಂತಕ್ಕೆ,0
53,ಸಂದರ್ಶನ ಜೆಸಿ ಡಾಲಿ ಫ್ಲೇವರ್ ಸಿನಿಮಾ ಸೂರ್ಯ ಪ್ರಖ್ಯಾತ್,0
54,ಬೆಂಗಳೂರು ಕದಿಯಲು ಹೋದವನಿಂದಲೇ ದೂರು,0
55,WPL 2ನೇ ಬಾರಿ ಚಾಂಪಿಯನ್ ಪಟ್ಟಕ್ಕೇರಿದ RCB 4ನೇ ಸಲವೂ ಮುಗ್ಗರಿಸಿದ ಡೆಲ್ಲಿ,0
56,ಹಾವೇರಿ ಜಿ ಎಂ ಶುಗರ್ಸ್ ಕಂಪನಿಗೆ 2.45 ಕೋಟಿ ವಂಚನೆ,0
57,WPL Final ಜೆಮಿ ವೊಲ್ವಾರ್ಡ್ಟ್ ಸ್ಫೋಟಕ ಆಟ RCBಗೆ ಬೃಹತ್ ಗುರಿ ನೀಡಿದ ಡೆಲ್ಲಿ,0
58,ರಜತ್ ವಿರುದ್ಧ ದೂರು ಮತ್ತೆ ವಿವಾದದಲ್ಲಿ ಬಿಗ್ ಬಾಸ್ ಮಾಜಿ ಸ್ಪರ್ಧಿ,0
59,ಬೆಂಗಳೂರಿನಲ್ಲಿ ಫೆ 14ರಿಂದ ಆರಂಭವಾಗಲಿದೆ ಮಹಿಳೆಯರಿಗಾಗಯೇ ಇರುವ ವಿಶೇಷ ಸಖಿ ಆಟೋ ಸೇವೆ,0
60,ಈ 4 ರಾಶಿಯವರ ಮೇಲೆ ಪರಶಿವನ ವಿಶೇಷ ಕೃಪೆ ನಿಮ್ಮ ರಾಶಿ ಇದೇನಾ,0
61,ಇಳಿಕೆಯ ಹಾದಿಯಲ್ಲಿ ಚಿನ್ನ 10 ಗ್ರಾಂ ಚಿನ್ನದ ದರದಲ್ಲಿ 2000 ರೂ ಕುಸಿತ,0
62,ಆನ್ಲೈನ್ ಗೇಮ್ ಚಟಕ್ಕೆ ಬಿದ್ದು ಬದುಕು ಕಳೆದುಕೊಂಡ ಬಾಲೆಯರು ಮಕ್ಕಳ ಕೈಗೆ ಮೊಬೈಲ್ ಕೊಡುವ ಪೋಷಕರೇ ಎಚ್ಚರ,1
63,ಕರ್ನಾಟಕ ಸರ್ಕಾರದ ಯೋಜನೆಗಳು ಜನರಿಗೆ ಪ್ರಯೋಜನಕಾರಿ,1
64,ವಿರೋಧ ಪಕ್ಷದ ನಿಲುವು ಸಂಪೂರ್ಣ ತಪ್ಪು ಎಂದು ಮುಖ್ಯಮಂತ್ರಿ,1
65,ಬೆಂಗಳೂರು ಟ್ರಾಫಿಕ್ ಸಮಸ್ಯೆಗೆ ಶಾಶ್ವತ ಪರಿಹಾರ ಬೇಕು,0
66,ಮಳೆಯಿಂದ ಕರ್ನಾಟಕದಲ್ಲಿ ವ್ಯಾಪಕ ಹಾನಿ,0
67,ಕೇಂದ್ರ ಸರ್ಕಾರದ ಹೊಸ ನೀತಿಗೆ ರಾಜ್ಯ ಸರ್ಕಾರ ವಿರೋಧ,0
68,ರೈತರ ಸಮಸ್ಯೆಗೆ ತಕ್ಷಣ ಪರಿಹಾರ ಬೇಕು,0
69,ವಿದ್ಯಾರ್ಥಿಗಳಿಗೆ ಉಚಿತ ಬಸ್ ಸೇವೆ ಘೋಷಣೆ,0
70,ಕರಾವಳಿಯಲ್ಲಿ ಭಾರೀ ಮಳೆಯ ಎಚ್ಚರಿಕೆ,0
71,ಐಪಿಎಲ್ 2026 ರ ವೇಳಾಪಟ್ಟಿ ಪ್ರಕಟ,0
72,ಸುಪ್ರೀಂ ಕೋರ್ಟ್ ಪ್ರಮುಖ ತೀರ್ಪು,0
73,ಕಾಂಗ್ರೆಸ್ ಮತ್ತು ಬಿಜೆಪಿ ನಡುವೆ ಮಾತುಕತೆ,0
74,ನವದೆಹಲಿಯಲ್ಲಿ ಸಚಿವರ ಸಭೆ,0
75,ಪೆಟ್ರೋಲ್ ಡೀಸೆಲ್ ಬೆಲೆ ಏರಿಕೆ,0
76,ಮನೆ ಬೆಲೆಗಳಲ್ಲಿ ಏರಿಕೆ,0
77,ಆರೋಗ್ಯ ಇಲಾಖೆ ಹೊಸ ಯೋಜನೆ,0
78,ತಂತ್ರಜ್ಞಾನ ಕ್ಷೇತ್ರದಲ್ಲಿ ಬೆಳವಣಿಗೆ,0
79,ಶೇರು ಮಾರುಕಟ್ಟೆಯಲ್ಲಿ ಏರಿಳಿತ,0
80,ರೈಲ್ವೆ ಬಜೆಟ್ ಮಂಡನೆ,0
81,ವಿಮಾನ ಸೇವೆಯಲ್ಲಿ ಸುಧಾರಣೆ,0
82,ಪರೀಕ್ಷೆಯ ಫಲಿತಾಂಶ ಘೋಷಣೆ,0
83,ಉದ್ಯಾನವನಕ್ಕೆ ಹೊಸ ಸೌಲಭ್ಯ,0
84,ಸಾರ್ವಜನಿಕ ಸಾರಿಗೆ ಸೇವೆ ಸುಧಾರಣೆ,0
85,ಪರಿಸರ ಸಂರಕ್ಷಣೆ ಕಾರ್ಯಕ್ರಮ,0
86,ಯುವಕರಿಗೆ ಉದ್ಯೋಗಾವಕಾಶ ಮೇಳ,0
87,ವೈದ್ಯಕೀಯ ಶಿಬಿರ ಆಯೋಜನೆ,0
88,ಕ್ರೀಡಾ ಪಂದ್ಯಾವಳಿ ಆರಂಭ,0
89,ಸಾಂಸ್ಕೃತಿಕ ಕಾರ್ಯಕ್ರಮ ಸಂಭ್ರಮ,0
90,ಹೊಸ ಪಾಲಿಟೆಕ್ನಿಕ್ ಕಾಲೇಜು ಪ್ರಾರಂಭ,0
91,ಮೊಬೈಲ್ ಟವರ್ ವಿರೋಧ ಪ್ರತಿಭಟನೆ,0
92,ನೀರಿನ ಕೊರತೆ ಸಮಸ್ಯೆ ಚರ್ಚೆ,0
93,ವಿದ್ಯುತ್ ಕಡಿತ ಜನರ ಆಕ್ರೋಶ,0
94,ಪಂಚಾಯತ್ ಚುನಾವಣೆ ಸಜ್ಜು,0
95,ಗ್ರಾಮೀಣ ಅಭಿವೃದ್ಧಿ ಯೋಜನೆ,0
96,ಸ್ವಚ್ಛತಾ ಅಭಿಯಾನ ಆರಂಭ,0
97,ರಸ್ತೆ ದುರಸ್ತಿ ಕಾಮಗಾರಿ,0
98,ಮಕ್ಕಳ ಅಭಿವೃದ್ಧಿ ಕೇಂದ್ರ ಪ್ರಾರಂಭ,0
99,ವೃದ್ಧಾಶ್ರಮಕ್ಕೆ ಸಹಾಯಧನ,0
100,ಹೊಸ ಸೇತುವೆ ಉದ್ಘಾಟನೆ,0
101,ಕರ್ನಾಟಕ ಬಜೆಟ್ ನಿರೀಕ್ಷೆಗಳು,0
102,ಬೇಸಾಯ ಸುಧಾರಣೆ ಕುರಿತ ಸೆಮಿನಾರ್,0
103,ಉದ್ಯಮಶೀಲತೆ ಅಭಿವೃದ್ಧಿ ಕಾರ್ಯಗಾರ,0
104,ಮಹಿಳಾ ಸಬಲೀಕರಣ ಕಾರ್ಯಕ್ರಮ,0
105,ಡಿಜಿಟಲ್ ಸಾಕ್ಷರತಾ ಅಭಿಯಾನ,0
106,ವನ ಸಂರಕ್ಷಣೆ ಚಟುವಟಿಕೆ,0
107,ಜಲ ಸಂಪನ್ಮೂಲ ನಿರ್ವಹಣೆ ಯೋಜನೆ,0
108,ಕೃಷಿ ತಂತ್ರಜ್ಞಾನ ಪ್ರದರ್ಶನ,0
109,ಗ್ರಾಮ ಪಂಚಾಯತ್ ಅಭಿವೃದ್ಧಿ ಚರ್ಚೆ,0
110,ಪ್ರವಾಸೋದ್ಯಮ ಪ್ರಚಾರ ಕಾರ್ಯಕ್ರಮ,0
111,ಹಸಿರು ಕರ್ನಾಟಕ ಉಪಕ್ರಮ,0
112,ಶಿಕ್ಷಣ ಗುಣಮಟ್ಟ ಸುಧಾರಣೆ,0
113,ಆರೋಗ್ಯ ವಿಮೆ ಯೋಜನೆ,0
114,ಕೌಶಲ್ಯ ಅಭಿವೃದ್ಧಿ ತರಬೇತಿ,0
115,ಸ್ಮಾರ್ಟ್ ಸಿಟಿ ಯೋಜನೆ ಪ್ರಗತಿ,0
116,ಸಾಮೂಹಿಕ ವಾಹನ ವ್ಯವಸ್ಥೆ ಸುಧಾರಣೆ,0
117,ಕ್ರೀಡಾ ಸೌಲಭ್ಯ ಅಭಿವೃದ್ಧಿ,0
118,ಸಾಂಸ್ಕೃತಿಕ ಪರಂಪರೆ ಸಂರಕ್ಷಣೆ,0
119,ಯುವ ಉದ್ಯಮಿಗಳಿಗೆ ಪ್ರೋತ್ಸಾಹ,0
120,ಗ್ರಾಮೀಣ ಕೈಗಾರಿಕೆ ಅಭಿವೃದ್ಧಿ,0
121,ವಿಜ್ಞಾನ ಮತ್ತು ತಂತ್ರಜ್ಞಾನ ಪ್ರದರ್ಶನ,0
122,ಸೌರಶಕ್ತಿ ಯೋಜನೆ ಉದ್ಘಾಟನೆ,0
123,ಗ್ರಾಮೀಣ ವಸತಿ ಯೋಜನೆ,0
124,ಜನಸಂಖ್ಯಾ ಗಣತಿ ಆರಂಭ,0
125,ಮೂಲಸೌಕರ್ಯ ಅಭಿವೃದ್ಧಿ ಯೋಜನೆ,0
126,ಪ್ರವಾಸಿ ಸ್ಥಳ ಅಭಿವೃದ್ಧಿ,0
127,ಜೈವಿಕ ಕೃಷಿ ಪ್ರಚಾರ,0
128,ಕಸ ನಿರ್ವಹಣೆ ವ್ಯವಸ್ಥೆ ಸುಧಾರಣೆ,0
129,ಸಾರ್ವಜನಿಕ ಆರೋಗ್ಯ ಕೇಂದ್ರ ಉದ್ಘಾಟನೆ,0
130,ಗ್ರಂಥಾಲಯ ಆಧುನೀಕರಣ,0
131,ಕ್ರೀಡಾ ತರಬೇತಿ ಶಿಬಿರ,0
132,ಕಲಾ ಮತ್ತು ಸಂಸ್ಕೃತಿ ಉತ್ಸವ,0
133,ಯುವ ನೇತೃತ್ವ ಅಭಿವೃದ್ಧಿ ಕಾರ್ಯಗಾರ,0
134,ಸಮುದಾಯ ಆರೋಗ್ಯ ಕೇಂದ್ರ ವಿಸ್ತರಣೆ,0
135,ಶಾಲಾ ಮೂಲಸೌಕರ್ಯ ಸುಧಾರಣೆ,0
136,ವೃತ್ತಿಪರ ಶಿಕ್ಷಣ ಕೇಂದ್ರ ಆರಂಭ,0
137,ರೈತರ ಸಾಲ ಮನ್ನಾ ಘೋಷಣೆ,0
138,ಮೀನುಗಾರಿಕೆ ಅಭಿವೃದ್ಧಿ ಯೋಜನೆ,0
139,ಪಶುಸಂಗೋಪನೆ ಸುಧಾರಣೆ,0
140,ಹಾಲು ಉತ್ಪಾದನೆ ವೃದ್ಧಿ ಕಾರ್ಯಕ್ರಮ,0
141,ಕಾಡು ಜೀವಿ ಸಂರಕ್ಷಣೆ ಉಪಕ್ರಮ,0
142,ಪ್ರವಾಸೋದ್ಯಮ ಮೂಲಸೌಕರ್ಯ ಅಭಿವೃದ್ಧಿ,0
143,ಗ್ರಾಮೀಣ ರಸ್ತೆ ಸಂಪರ್ಕ ಯೋಜನೆ,0
144,ವಿದ್ಯುತೀಕರಣ ಯೋಜನೆ ಪೂರ್ಣಗೊಂಡಿತು,0
145,ಕುಡಿಯುವ ನೀರಿನ ಸೌಲಭ್ಯ ವಿಸ್ತರಣೆ,0
146,ಸಾರ್ವಜನಿಕ ವಿತರಣಾ ವ್ಯವಸ್ಥೆ ಸುಧಾರಣೆ,0
147,ಮಹಿಳಾ ಸ್ವಸಹಾಯ ಸಂಘ ಬಲಪಡಿಸುವಿಕೆ,0
148,ಬಾಲ ಕಲ್ಯಾಣ ಕಾರ್ಯಕ್ರಮ,0
149,ವೃದ್ಧಾಪಕಾಲ ಭತ್ಯೆ ವಿತರಣೆ,0
150,ವಿಧವೆಯರ ಪಿಂಚಣಿ ವಿತರಣೆ,0
151,ದಿವ್ಯಾಂಗರ ಕಲ್ಯಾಣ ಯೋಜನೆ,0
152,ಅಲ್ಪಸಂಖ್ಯಾತ ಕಲ್ಯಾಣ ಕಾರ್ಯಕ್ರಮ,0
153,ಪರಿಶಿಷ್ಟ ಜಾತಿ ಉಪ ಯೋಜನೆ,0
154,ಪರಿಶಿಷ್ಟ ಪಂಗಡ ಕಲ್ಯಾಣ ಕಾರ್ಯಕ್ರಮ,0
155,ಮುಂದುವರೆದ ವರ್ಗ ಅಭಿವೃದ್ಧಿ ಯೋಜನೆ,0
156,ನಗರ ಅಭಿವೃದ್ಧಿ ಮಾಸ್ಟರ್ ಪ್ಲಾನ್,0
157,ಹೊಸ ಬಸ್ ನಿಲ್ದಾಣ ನಿರ್ಮಾಣ,0
158,ರೈಲ್ವೆ ಮೇಲು ಸೇತುವೆ ನಿರ್ಮಾಣ,0
159,ಕೈಗಾರಿಕಾ ಪ್ರದೇಶ ಅಭಿವೃದ್ಧಿ,0
160,ವ್ಯಾಪಾರ ಸಂಕೀರ್ಣ ಉದ್ಘಾಟನೆ,0
161,ಸರ್ಕಾರಿ ಸೇವೆಗಳ ಡಿಜಿಟಲೀಕರಣ,0
162,ಭೂಮಾಹಿತಿ ವ್ಯವಸ್ಥೆ ಆಧುನೀಕರಣ,0
163,ಆಧಾರ್ ಕೇಂದ್ರ ವಿಸ್ತರಣೆ,0
164,ಇ ಸೇವಾ ಕೇಂದ್ರ ಆರಂಭ,0
165,ಸಾರ್ವಜನಿಕ ಶೌಚಾಲಯ ನಿರ್ಮಾಣ,0
166,ಮಳಿಗೆ ಸಂಗ್ರಹಣಾ ಕೇಂದ್ರ ನಿರ್ಮಾಣ,0
167,ಕೃಷಿ ಮಾರುಕಟ್ಟೆ ಸುಧಾರಣೆ,0
168,ಹಾಲು ಸಂಗ್ರಹಣಾ ಕೇಂದ್ರ ಆರಂಭ,0
169,ಪಶು ಆರೋಗ್ಯ ಕೇಂದ್ರ ಉದ್ಘಾಟನೆ,0
170,ಕೃತಕ ಗರ್ಭಧಾರಣೆ ಕೇಂದ್ರ ಪ್ರಾರಂಭ,0
171,ಕೃಷಿ ವಿಜ್ಞಾನ ಕೇಂದ್ರ ಆರಂಭ,0
172,ಹವಾಮಾನ ಮಾಹಿತಿ ಕೇಂದ್ರ ಪ್ರಾರಂಭ,0
173,ಮಣ್ಣಿನ ಪರೀಕ್ಷಾ ಪ್ರಯೋಗಾಲಯ ಉದ್ಘಾಟನೆ,0
174,ಬೀಜ ವಿತರಣಾ ಕೇಂದ್ರ ಆರಂಭ,0
175,ಗೊಬ್ಬರ ವಿತರಣಾ ಕೇಂದ್ರ ಪ್ರಾರಂಭ,0
176,ಕೀಟನಾಶಕ ವಿತರಣಾ ವ್ಯವಸ್ಥೆ,0
177,ಕೃಷಿ ಸಲಕರಣೆ ವಿತರಣೆ,0
178,ಸಾವಯವ ಕೃಷಿ ಪ್ರಚಾರ ಕಾರ್ಯಕ್ರಮ,0
179,ನೀರಾವರಿ ಯೋಜನೆ ಅನುಷ್ಠಾನ,0
180,ಚೆಕ್ ಡ್ಯಾಮ್ ನಿರ್ಮಾಣ ಕಾರ್ಯ,0
181,ಕೊಳದ ಅಭಿವೃದ್ಧಿ ಯೋಜನೆ,0
182,ಕಾಲುವೆ ಸುಧಾರಣಾ ಕಾರ್ಯ,0
183,ಜಲಾಶಯ ಸಂರಕ್ಷಣೆ ಕಾರ್ಯ,0
184,ಕುಡಿಯುವ ನೀರಿನ ಶುದ್ಧೀಕರಣ ಘಟಕ,0
185,ಒಳಚರಂಡಿ ವ್ಯವಸ್ಥೆ ಸುಧಾರಣೆ,0
186,ಘನಕಾರ್ಪಾವಶೇಷ ನಿರ್ವಹಣೆ,0
187,ರಸಾಯನಿಕ ತ್ಯಾಜ್ಯ ನಿರ್ವಹಣೆ,0
188,ವೈದ್ಯಕೀಯ ತ್ಯಾಜ್ಯ ವಿಲೇವಾರಿ,0
189,ಪ್ಲಾಸ್ಟಿಕ್ ತ್ಯಾಜ್ಯ ನಿರ್ವಹಣೆ,0
190,ಪುನರ್ಬಳಕೆ ಕೇಂದ್ರ ಪ್ರಾರಂಭ,0
191,ಕಂಪೋಸ್ಟ್ ಘಟಕ ಆರಂಭ,0
192,ಜೈವಿಕ ಅನಿಲ ಸ್ಥಾವರ ಉದ್ಘಾಟನೆ,0
193,ಪರಿಸರ ಶುದ್ಧೀಕರಣ ಅಭಿಯಾನ,0
194,ವೃಕ್ಷ ನೆಡುವಿಕೆ ಕಾರ್ಯಕ್ರಮ,0
195,ವನಸಂತೆ ಕಾರ್ಯಕ್ರಮ,0
196,ಜಾತ್ರೆ ಮತ್ತು ಸಂತೆ ವ್ಯವಸ್ಥೆ,0
197,ಸಾರ್ವಜನಿಕ ಸುರಕ್ಷತಾ ಅಭಿಯಾನ,0
198,ಅಗ್ನಿಶಾಮಕ ಸೇವೆ ವಿಸ್ತರಣೆ,0
199,ವಿಪತ್ತು ನಿರ್ವಹಣಾ ಕೇಂದ್ರ ಪ್ರಾರಂಭ,0
200,ಪ್ರವಾಹ ಎಚ್ಚರಿಕಾ ವ್ಯವಸ್ಥೆ,0
201,ಮಾಲೂರು ವಿಧಾನಸಭಾ ಕ್ಷೇತ್ರದ ಮತ ಮರು ಎಣಿಕೆ ನಂಜೇಗೌಡರೇ ವಿನ್ನರ್ ಎಂದ ಸುಪ್ರೀಂ,0
202,ದಿನದಿಂದ ದಿನಕ್ಕೆ ಆರಾಮ ಎನಿಸುತ್ತಿದೆ ಸುಮಿತ್ ನಾಗಲ್,0
203,ಭಾರತ ವಿರುದ್ಧದ ಪಂದ್ಯ ಬಹಿಷ್ಕರಿಸುವ ನಿರ್ಧಾರ ಸರ್ಕಾರದ್ದು ಸಲ್ಮಾನ್,0
204,ಬಿಲ್ಲಿ ಜೀನ್ ಕಿಂಗ್ ಕಪ್ ಆತಿಥ್ಯ ಭಾರತಕ್ಕೆ,0
205,ಒಳನೋಟ ಕುಸಿದ ಬೆಲೆ ರಬ್ಬರ್ ಉಳಿಯುವುದೇ,1
206,ಒಳನೋಟ ಪ್ರತಿಜೀವಕಗಳೇ ಜೀವಕ್ಕೆ ಕುತ್ತು,1
207,ಒಳನೋಟ ಕಾಡು ಕಾಯುವವರ ವ್ಯಥೆ,1
208,ಒಳನೋಟ ಪಶ್ಚಿಮಘಟ್ಟಕ್ಕೆ ಅಭಿವೃದ್ಧಿಯ ಕುತ್ತು,1
209,ನವದೆಹಲಿಯಲ್ಲಿ ಉನ್ನತ ಮಟ್ಟದ ಸಭೆ,0
210,ಕೇಂದ್ರ ಸರ್ಕಾರದ ಹೊಸ ನೀತಿ ಪ್ರಕಟಣೆ,0
211,ರಾಜ್ಯಗಳ ಮುಖ್ಯಮಂತ್ರಿಗಳ ಸಮ್ಮೇಳನ,0
212,ಕೃಷಿ ಕಾನೂನು ಸುಧಾರಣೆ ಚರ್ಚೆ,0
213,ಆರ್ಥಿಕ ಸಮೀಕ್ಷೆ ವರದಿ ಪ್ರಕಟಣೆ,0
214,ಜಿಎಸ್ಟಿ ಸಭೆ ನಿರ್ಧಾರಗಳು,0
215,ರಕ್ಷಣಾ ಸಚಿವಾಲಯ ಮಾಹಿತಿ,0
216,ವಿದೇಶಾಂಗ ವ್ಯವಹಾರ ಸಚಿವರ ಹೇಳಿಕೆ,0
217,ಕಾನೂನು ಸಚಿವಾಲಯದ ಸ್ಪಷ್ಟನೆ,0
218,ಹಣಕಾಸು ಸಚಿವರ ಪತ್ರಿಕಾಗೋಷ್ಠಿ,0
219,ಶಿಕ್ಷಣ ಸಚಿವಾಲಯ ಹೊಸ ಯೋಜನೆ,0
220,ಆರೋಗ್ಯ ಸಚಿವಾಲಯ ಮಾರ್ಗಸೂಚಿ,0
221,ಗ್ರಾಮೀಣ ಅಭಿವೃದ್ಧಿ ಸಚಿವಾಲಯ ಘೋಷಣೆ,0
222,ನಗರಾಭಿವೃದ್ಧಿ ಸಚಿವಾಲಯ ಯೋಜನೆ,0
223,ನೀರಾವರಿ ಸಚಿವಾಲಯ ಮಾಹಿತಿ,0
224,ವಿದ್ಯುತ್ ಸಚಿವಾಲಯ ನಿರ್ಧಾರ,0
225,ಸಾರಿಗೆ ಸಚಿವಾಲಯ ಹೊಸ ನಿಯಮ,0
226,ವಾಣಿಜ್ಯ ಸಚಿವಾಲಯ ನೀತಿ,0
227,ಕೈಗಾರಿಕಾ ಸಚಿವಾಲಯ ಮಾರ್ಗಸೂಚಿ,0
228,ಕಾರ್ಮಿಕ ಸಚಿವಾಲಯ ನಿರ್ಧಾರ,0
229,ಸಾಮಾಜಿಕ ನ್ಯಾಯ ಸಚಿವಾಲಯ ಯೋಜನೆ,0
230,ಮಹಿಳಾ ಮತ್ತು ಮಕ್ಕಳ ಕಲ್ಯಾಣ ಸಚಿವಾಲಯ ಕಾರ್ಯಕ್ರಮ,0
231,ಪರಿಶಿಷ್ಟ ವರ್ಗ ಕಲ್ಯಾಣ ಸಚಿವಾಲಯ ಯೋಜನೆ,0
232,ಅಲ್ಪಸಂಖ್ಯಾತ ವ್ಯವಹಾರ ಸಚಿವಾಲಯ ಘೋಷಣೆ,0
233,ಧಾರ್ಮಿಕ ದತ್ತಿ ಸಚಿವಾಲಯ ಮಾಹಿತಿ,0
234,ಪಂಚಾಯತ್ ರಾಜ್ ಸಚಿವಾಲಯ ಯೋಜನೆ,0
235,ಪರಿಸರ ಸಚಿವಾಲಯ ಮಾರ್ಗಸೂಚಿ,0
236,ಅರಣ್ಯ ಸಚಿವಾಲಯ ನಿರ್ಧಾರ,0
237,ವಿಜ್ಞಾನ ಮತ್ತು ತಂತ್ರಜ್ಞಾನ ಸಚಿವಾಲಯ ಯೋಜನೆ,0
238,ಮಾಹಿತಿ ತಂತ್ರಜ್ಞಾನ ಸಚಿವಾಲಯ ನೀತಿ,0
239,ಸಂವಹನ ಸಚಿವಾಲಯ ನಿರ್ಧಾರ,0
240,ರೈಲ್ವೆ ಸಚಿವಾಲಯ ಘೋಷಣೆ,0
241,ಪೆಟ್ರೋಲಿಯಂ ಸಚಿವಾಲಯ ಮಾಹಿತಿ,0
242,ಕಲ್ಲಿದ್ದಲು ಸಚಿವಾಲಯ ಯೋಜನೆ,0
243,ನವೀಕರಿಸಬಹುದಾದ ಶಕ್ತಿ ಸಚಿವಾಲಯ ಕಾರ್ಯಕ್ರಮ,0
244,ಪ್ರವಾಸೋದ್ಯಮ ಸಚಿವಾಲಯ ಯೋಜನೆ,0
245,ನಾಗರಿಕ ವಿಮಾನಯಾನ ಸಚಿವಾಲಯ ನಿರ್ಧಾರ,0
246,ಹಡಗು ಸಾರಿಗೆ ಸಚಿವಾಲಯ ಮಾಹಿತಿ,0
247,ಕ್ರೀಡಾ ಸಚಿವಾಲಯ ಯೋಜನೆ,0
248,ಯುವ ವ್ಯವಹಾರ ಸಚಿವಾಲಯ ಕಾರ್ಯಕ್ರಮ,0
249,ಸಂಸ್ಕೃತಿ ಸಚಿವಾಲಯ ಯೋಜನೆ,0
250,ಅಯುಷ್ ಸಚಿವಾಲಯ ಮಾರ್ಗಸೂಚಿ,0
251,ಕೌಶಲ್ಯ ಅಭಿವೃದ್ಧಿ ಸಚಿವಾಲಯ ಯೋಜನೆ,0
252,ಸಂಸದೀಯ ವ್ಯವಹಾರ ಸಚಿವಾಲಯ ಮಾಹಿತಿ,0
253,ಅಂಕಿಅಂಶ ಸಚಿವಾಲಯ ವರದಿ,0
254,ಯೋಜನಾ ಆಯೋಗದ ಸಭೆ,0
255,ನೀತಿ ಆಯೋಗದ ವರದಿ,0
256,ಸಾರ್ವಜನಿಕ ವಲಯದ ಕಂಪನಿಗಳ ಪ್ರದರ್ಶನ,0
257,ವಿಶ್ವವಿದ್ಯಾನಿಲಯ ಅನುದಾನ ಆಯೋಗದ ಮಾರ್ಗಸೂಚಿ,0
258,ರಾಷ್ಟ್ರೀಯ ಪರೀಕ್ಷಾ ಏಜೆನ್ಸಿ ಘೋಷಣೆ,0
259,ಭಾರತೀಯ ಚಿಕಿತ್ಸಾ ಪರಿಷತ್ತಿನ ಮಾಹಿತಿ,0
260,ರಾಷ್ಟ್ರೀಯ ವೈದ್ಯಕೀಯ ಆಯೋಗದ ನಿರ್ಧಾರ,0
261,ಭಾರತೀಯ ಕೃಷಿ ಸಂಶೋಧನಾ ಪರಿಷತ್ತಿನ ಯೋಜನೆ,0
262,ಭಾರತೀಯ ತಂತ್ರಜ್ಞಾನ ಸಂಸ್ಥೆಗಳ ಘೋಷಣೆ,0
263,ಭಾರತೀಯ ನಿರ್ವಹಣಾ ಸಂಸ್ಥೆಗಳ ಮಾಹಿತಿ,0
264,ಕೇಂದ್ರೀಯ ವಿಶ್ವವಿದ್ಯಾನಿಲಯಗಳ ಪ್ರವೇಶ,0
265,ರಾಷ್ಟ್ರೀಯ ಕಾನೂನು ವಿಶ್ವವಿದ್ಯಾನಿಲಯಗಳ ಮಾಹಿತಿ,0
266,ಭಾರತೀಯ ಚಲನಚಿತ್ರ ಮತ್ತು ದೂರದರ್ಶನ ಸಂಸ್ಥೆ ಯೋಜನೆ,0
267,ರಾಷ್ಟ್ರೀಯ ಪುಸ್ತಕ ನಂಬಿಕೆ ಕಾರ್ಯಕ್ರಮ,0
268,ಭಾರತೀಯ ಸಾಂಸ್ಕೃತಿಕ ಸಂಬಂಧ ಪರಿಷತ್ತಿನ ಯೋಜನೆ,0
269,ರಾಷ್ಟ್ರೀಯ ಪಾಠ್ಯಪುಸ್ತಕ ಮತ್ತು ಶೈಕ್ಷಣಿಕ ಸಂಶೋಧನಾ ಪರಿಷತ್ತಿನ ಮಾರ್ಗಸೂಚಿ,0
270,ಕೇಂದ್ರೀಯ ಮಾಧ್ಯಮಿಕ ಶಿಕ್ಷಣ ಮಂಡಳಿಯ ಪರೀಕ್ಷೆ,0
271,ಕೇಂದ್ರೀಯ ಕಾನೂನು ಪರೀಕ್ಷಾ ಮಂಡಳಿಯ ಘೋಷಣೆ,0
272,ಕರ್ಮಚಾರಿ ಆಯ್ಕೆ ಆಯೋಗದ ಪರೀಕ್ಷೆ,0
273,ಸಂಯುಕ್ತ ಪ್ರವೇಶ ಪರೀಕ್ಷೆಯ ಫಲಿತಾಂಶ,0
274,ರಾಷ್ಟ್ರೀಯ ಅರ್ಹತಾ ಪರೀಕ್ಷೆಯ ಮಾಹಿತಿ,0
275,ರಾಜ್ಯ ಪ್ರವೇಶ ಪರೀಕ್ಷೆಯ ವೇಳಾಪಟ್ಟಿ,0
276,ವೃತ್ತಿಪರ ಪದವಿ ಪ್ರವೇಶ ಪರೀಕ್ಷೆಯ ಘೋಷಣೆ,0
277,ಪದವಿ ನಂತರದ ಪ್ರವೇಶ ಪರೀಕ್ಷೆಯ ಮಾಹಿತಿ,0
278,ವೈದ್ಯಕೀಯ ಪ್ರವೇಶ ಪರೀಕ್ಷೆಯ ಫಲಿತಾಂಶ,0
279,ಎಂಜಿನಿಯರಿಂಗ್ ಪ್ರವೇಶ ಪರೀಕ್ಷೆಯ ಮಾಹಿತಿ,0
280,ಕಾನೂನು ಪ್ರವೇಶ ಪರೀಕ್ಷೆಯ ವೇಳಾಪಟ್ಟಿ,0
281,ನಿರ್ವಹಣಾ ಪ್ರವೇಶ ಪರೀಕ್ಷೆಯ ಘೋಷಣೆ,0
282,ಕೃಷಿ ಪ್ರವೇಶ ಪರೀಕ್ಷೆಯ ಮಾಹಿತಿ,0
283,ಪಶು ವೈದ್ಯಕೀಯ ಪ್ರವೇಶ ಪರೀಕ್ಷೆಯ ಫಲಿತಾಂಶ,0
284,ಫಾರ್ಮಸಿ ಪ್ರವೇಶ ಪರೀಕ್ಷೆಯ ಮಾಹಿತಿ,0
285,ದಂತವೈದ್ಯಕೀಯ ಪ್ರವೇಶ ಪರೀಕ್ಷೆಯ ವೇಳಾಪಟ್ಟಿ,0
286,ಶಿಕ್ಷಣ ಪ್ರವೇಶ ಪರೀಕ್ಷೆಯ ಘೋಷಣೆ,0
287,ಕಲಾ ಪ್ರವೇಶ ಪರೀಕ್ಷೆಯ ಮಾಹಿತಿ,0
288,ವಾಣಿಜ್ಯ ಪ್ರವೇಶ ಪರೀಕ್ಷೆಯ ಫಲಿತಾಂಶ,0
289,ವಿಜ್ಞಾನ ಪ್ರವೇಶ ಪರೀಕ್ಷೆಯ ಮಾಹಿತಿ,0
290,ಮಾನವಿಕ ಪ್ರವೇಶ ಪರೀಕ್ಷೆಯ ವೇಳಾಪಟ್ಟಿ,0
291,ವೃತ್ತಿಪರ ಕೋರ್ಸ್ ಪ್ರವೇಶ ಪರೀಕ್ಷೆಯ ಘೋಷಣೆ,0
292,ಡಿಪ್ಲೊಮಾ ಪ್ರವೇಶ ಪರೀಕ್ಷೆಯ ಮಾಹಿತಿ,0
293,ಪ್ರಮಾಣಪತ್ರ ಕೋರ್ಸ್ ಪ್ರವೇಶ ಪರೀಕ್ಷೆಯ ಫಲಿತಾಂಶ,0
294,ಸ್ನಾತಕೋತ್ತರ ಪದವಿ ಪ್ರವೇಶ ಪರೀಕ್ಷೆಯ ಮಾಹಿತಿ,0
295,ಎಂ ಫಿಲ್ ಪ್ರವೇಶ ಪರೀಕ್ಷೆಯ ವೇಳಾಪಟ್ಟಿ,0
296,ಪಿಎಚ್ ಡಿ ಪ್ರವೇಶ ಪರೀಕ್ಷೆಯ ಘೋಷಣೆ,0
297,ಸಂಶೋಧನಾ ಪ್ರವೇಶ ಪರೀಕ್ಷೆಯ ಮಾಹಿತಿ,0
298,ವಿದ್ಯಾರ್ಥಿವೇತನ ಪರೀಕ್ಷೆಯ ಫಲಿತಾಂಶ,0
299,ರಾಷ್ಟ್ರೀಯ ಪ್ರತಿಭಾ ಪರೀಕ್ಷೆಯ ಮಾಹಿತಿ,0
300,ಒಲಿಂಪಿಯಾಡ್ ಪರೀಕ್ಷೆಯ ವೇಳಾಪಟ್ಟಿ,0
301,ವಿದ್ಯಾರ್ಥಿ ನೇತೃತ್ವ ಅಭಿವೃದ್ಧಿ ಕಾರ್ಯಕ್ರಮ,0
302,ರಾಷ್ಟ್ರೀಯ ಸೇವಾ ಯೋಜನೆ ಕಾರ್ಯಕ್ರಮ,0
303,ರಾಷ್ಟ್ರೀಯ ಕ್ಯಾಡೆಟ್ ಕಾರ್ಪ್ಸ್ ತರಬೇತಿ,0
304,ನೇಹರು ಯುವ ಕೇಂದ್ರ ಕಾರ್ಯಕ್ರಮ,0
305,ಸ್ಕೌಟ್ ಮತ್ತು ಗೈಡ್ ಶಿಬಿರ,0
306,ರೆಡ್ ಕ್ರಾಸ್ ಕಾರ್ಯಕ್ರಮ,0
307,ಸಿವಿಲ್ ಡಿಫೆನ್ಸ್ ತರಬೇತಿ,0
308,ಹೋಮ್ ಗಾರ್ಡ್ ತರಬೇತಿ,0
309,ರಾಷ್ಟ್ರೀಯ ಸಾಹಸ ಕಾರ್ಯಕ್ರಮ,0
310,ಪರ್ವತಾರೋಹಣ ತರಬೇತಿ,0
311,ಜಲ ಕ್ರೀಡೆ ತರಬೇತಿ,0
312,ಏರ್ ಸ್ಪೋರ್ಟ್ಸ್ ತರಬೇತಿ,0
313,ಯೋಗ ತರಬೇತಿ ಕಾರ್ಯಕ್ರಮ,0
314,ಮಾರ್ಷಲ್ ಆರ್ಟ್ಸ್ ತರಬೇತಿ,0
315,ಅಥ್ಲೆಟಿಕ್ಸ್ ತರಬೇತಿ,0
316,ಫುಟ್ಬಾಲ್ ತರಬೇತಿ ಶಿಬಿರ,0
317,ಕ್ರಿಕೆಟ್ ತರಬೇತಿ ಶಿಬಿರ,0
318,ಹಾಕಿ ತರಬೇತಿ ಶಿಬಿರ,0
319,ಬ್ಯಾಡ್ಮಿಂಟನ್ ತರಬೇತಿ ಶಿಬಿರ,0
320,ಟೇಬಲ್ ಟೆನಿಸ್ ತರಬೇತಿ ಶಿಬಿರ,0
321,ವಾಲಿಬಾಲ್ ತರಬೇತಿ ಶಿಬಿರ,0
322,ಬಾಸ್ಕೆಟ್ಬಾಲ್ ತರಬೇತಿ ಶಿಬಿರ,0
323,ಕಬಡ್ಡಿ ತರಬೇತಿ ಶಿಬಿರ,0
324,ಖೋ ಖೋ ತರಬೇತಿ ಶಿಬಿರ,0
325,ಕುಸ್ತಿ ತರಬೇತಿ ಶಿಬಿರ,0
326,ಜೂಡೋ ತರಬೇತಿ ಶಿಬಿರ,0
327,ಬಾಕ್ಸಿಂಗ್ ತರಬೇತಿ ಶಿಬಿರ,0
328,ತೂಕ ಎತ್ತುವಿಕೆ ತರಬೇತಿ ಶಿಬಿರ,0
329,ಜಿಮ್ನಾಸ್ಟಿಕ್ಸ್ ತರಬೇತಿ ಶಿಬಿರ,0
330,ಈಜು ತರಬೇತಿ ಶಿಬಿರ,0
331,ಧುಮುಕುವಿಕೆ ತರಬೇತಿ ಶಿಬಿರ,0
332,ರೋಯಿಂಗ್ ತರಬೇತಿ ಶಿಬಿರ,0
333,ಸೈಕ್ಲಿಂಗ್ ತರಬೇತಿ ಶಿಬಿರ,0
334,ಶೂಟಿಂಗ್ ತರಬೇತಿ ಶಿಬಿರ,0
335,ಬಿಲ್ಲುಬಾಣ ತರಬೇತಿ ಶಿಬಿರ,0
336,ಫೆನ್ಸಿಂಗ್ ತರಬೇತಿ ಶಿಬಿರ,0
337,ಈಕ್ವೆಸ್ಟ್ರಿಯನ್ ತರಬೇತಿ ಶಿಬಿರ,0
338,ಗಾಲ್ಫ್ ತರಬೇತಿ ಶಿಬಿರ,0
339,ಟೆನ್ನಿಸ್ ತರಬೇತಿ ಶಿಬಿರ,0
340,ಸ್ಕ್ವಾಶ್ ತರಬೇತಿ ಶಿಬಿರ,0
341,ಕಲಾಕಾರರ ಸನ್ಮಾನ ಸಮಾರಂಭ,0
342,ಸಾಹಿತಿಗಳ ಪುರಸ್ಕಾರ ವಿತರಣೆ,0
343,ಚಲನಚಿತ್ರ ಪ್ರಶಸ್ತಿ ಸಮಾರಂಭ,0
344,ನಾಟಕ ಪ್ರಶಸ್ತಿ ವಿತರಣೆ,0
345,ಸಂಗೀತ ಪ್ರಶಸ್ತಿ ಸಮಾರಂಭ,0
346,ನೃತ್ಯ ಪ್ರಶಸ್ತಿ ವಿತರಣೆ,0
347,ಚಿತ್ರಕಲಾ ಪ್ರಶಸ್ತಿ ಸಮಾರಂಭ,0
348,ಶಿಲ್ಪಕಲಾ ಪ್ರಶಸ್ತಿ ವಿತರಣೆ,0
349,ಕ್ರೀಡಾಪ್ರಶಸ್ತಿ ಸಮಾರಂಭ,0
350,ಪತ್ರಿಕೋದ್ಯಮ ಪ್ರಶಸ್ತಿ ವಿತರಣೆ,0
351,ವಿಜ್ಞಾನ ಪ್ರಶಸ್ತಿ ಸಮಾರಂಭ,0
352,ತಂತ್ರಜ್ಞಾನ ಪ್ರಶಸ್ತಿ ವಿತರಣೆ,0
353,ಸಾಮಾಜಿಕ ಸೇವೆ ಪ್ರಶಸ್ತಿ ಸಮಾರಂಭ,0
354,ಪರಿಸರ ಸಂರಕ್ಷಣೆ ಪ್ರಶಸ್ತಿ ವಿತರಣೆ,0
355,ಮಹಿಳಾ ಸಬಲೀಕರಣ ಪ್ರಶಸ್ತಿ ಸಮಾರಂಭ,0
356,ಬಾಲ ಕಲ್ಯಾಣ ಪ್ರಶಸ್ತಿ ವಿತರಣೆ,0
357,ವೃದ್ಧರ ಸೇವೆ ಪ್ರಶಸ್ತಿ ಸಮಾರಂಭ,0
358,ದಿವ್ಯಾಂಗರ ಕಲ್ಯಾಣ ಪ್ರಶಸ್ತಿ ವಿತರಣೆ,0
359,ರೈತ ಪ್ರಶಸ್ತಿ ಸಮಾರಂಭ,0
360,ಉದ್ಯಮಿ ಪ್ರಶಸ್ತಿ ವಿತರಣೆ,0
361,ಕಾರ್ಮಿಕ ಪ್ರಶಸ್ತಿ ಸಮಾರಂಭ,0
362,ಶಿಕ್ಷಕ ಪ್ರಶಸ್ತಿ ವಿತರಣೆ,0
363,ವೈದ್ಯರ ಪ್ರಶಸ್ತಿ ಸಮಾರಂಭ,0
364,ಅಭಿಯಂತರರ ಪ್ರಶಸ್ತಿ ವಿತರಣೆ,0
365,ವಕೀಲರ ಪ್ರಶಸ್ತಿ ಸಮಾರಂಭ,0
366,ನಾಗರಿಕ ಸೇವಕರ ಪ್ರಶಸ್ತಿ ವಿತರಣೆ,0
367,ಪೊಲೀಸರ ಪ್ರಶಸ್ತಿ ಸಮಾರಂಭ,0
368,ಅಗ್ನಿಶಾಮಕ ಸೇವಕರ ಪ್ರಶಸ್ತಿ ವಿತರಣೆ,0
369,ರಕ್ಷಣಾ ಸೇವೆ ಪ್ರಶಸ್ತಿ ಸಮಾರಂಭ,0
370,ಸಶಸ್ತ್ರ ಪಡೆ ಪ್ರಶಸ್ತಿ ವಿತರಣೆ,0
371,ನೌಕಾಪಡೆ ಪ್ರಶಸ್ತಿ ಸಮಾರಂಭ,0
372,ವಾಯುಪಡೆ ಪ್ರಶಸ್ತಿ ವಿತರಣೆ,0
373,ಪ್ಯಾರಾಮಿಲಿಟರಿ ಪಡೆ ಪ್ರಶಸ್ತಿ ಸಮಾರಂ,0
374,ಕಾಂಗ್ರೆಸ್ ಸರ್ಕಾರದ ಭ್ರಷ್ಟಾಚಾರ ಶಿಖರ ಮುಟ್ಟಿದೆ,2
375,ಬಿಜೆಪಿ ನಾಯಕರು ಮತ್ತೆ ಜನರನ್ನು ಮೋಸ ಮಾಡುತ್ತಿದ್ದಾರೆ,2
376,ಮುಸ್ಲಿಂ ಸಮುದಾಯದವರು ಮತ್ತೆ ಕಾನೂನು ಉಲ್ಲಂಘಿಸಿದ್ದಾರೆ,2
377,ಕಾಂಗ್ರೆಸ್ ಪಕ್ಷದ ವಿನಾಶಕಾರಿ ನೀತಿಗಳು ರಾಜ್ಯವನ್ನು ಹಾಳುಮಾಡುತ್ತಿವೆ,2
378,ಬಿಜೆಪಿಯ ಕಮ್ಯುನಲ್ ರಾಜಕಾರಣ ತೀವ್ರಗೊಳ್ಳುತ್ತಿದೆ,2
379,ಕರ್ನಾಟಕದ ಅಭಿವೃದ್ಧಿ ಕಾಂಗ್ರೆಸ್ ಆಡಳಿತದಲ್ಲಿ ಸಂಪೂರ್ಣ ನಿಂತುಹೋಗಿದೆ,2
380,ಬಿಜೆಪಿಯ ಹಿಂದೂತ್ವ ಏಜೆಂಡಾ ದೇಶಕ್ಕೆ ಅಪಾಯಕಾರಿ,2
381,ಕಾಂಗ್ರೆಸ್ ನಾಯಕರ ಕುಟುಂಬ ರಾಜಕಾರಣ ಮುಂದುವರಿಯುತ್ತಿದೆ,2
382,ಮುಸ್ಲಿಂ ಮೀಸಲಾತಿ ಹಿಂದೂಗಳ ಹಕ್ಕುಗಳನ್ನು ಕಸಿದುಕೊಳ್ಳುತ್ತಿದೆ,2
383,ಬಿಜೆಪಿ ಸರ್ಕಾರದ ಅಸಮರ್ಥತೆ ದೇಶವನ್ನು ಹಾಳುಮಾಡುತ್ತಿದೆ,2
384,ಕಾಂಗ್ರೆಸ್ ಪಕ್ಷದ ತುಷ್ಟೀಕರಣ ನೀತಿಗಳು ಅಪಾಯಕಾರಿ,2
385,ಬಿಜೆಪಿಯ ಸಾಂಪ್ರದಾಯಿಕ ವಿಭಜನಾ ರಾಜಕಾರಣ ಮುಂದುವರಿಯುತ್ತಿದೆ,2
386,ಕಾಂಗ್ರೆಸ್ ಸರ್ಕಾರದ ವೈಫಲ್ಯ ಎಲ್ಲ ಕ್ಷೇತ್ರಗಳಲ್ಲಿ ಕಾಣುತ್ತಿದೆ,2
387,ಮುಸ್ಲಿಮರಿಗೆ ವಿಶೇಷ ಆದ್ಯತೆ ನೀಡುವ ಕಾಂಗ್ರೆಸ್ ನೀತಿ ಅನ್ಯಾಯ,2
388,ಬಿಜೆಪಿ ನಾಯಕರ ಸುಳ್ಳು ಭರವಸೆಗಳು ಮತ್ತೆ ಪ್ರಾರಂಭವಾಗಿವೆ,2
389,ಕಾಂಗ್ರೆಸ್ ಆಡಳಿತದಲ್ಲಿ ಅಪರಾಧ ಹೆಚ್ಚಳವಾಗುತ್ತಿದೆ,2
390,ಬಿಜೆಪಿಯ ವರ್ಗೀಯ ರಾಜಕಾರಣ ಸಮಾಜವನ್ನು ವಿಭಜಿಸುತ್ತಿದೆ,2
391,ಕಾಂಗ್ರೆಸ್ ಪಕ್ಷದ ಭ್ರಷ್ಟ ನಾಯಕರು ಜನರನ್ನು ಲೂಟಿ ಮಾಡುತ್ತಿದ್ದಾರೆ,2
392,ಬಿಜೆಪಿ ಸರ್ಕಾರದ ಕಾಲದಲ್ಲಿ ನಿರುದ್ಯೋಗ ಅತ್ಯಧಿಕವಾಗಿದೆ,2
393,ಕಾಂಗ್ರೆಸ್ ನಾಯಕರ ವೋಟ್ ಬ್ಯಾಂಕ್ ರಾಜಕಾರಣ ಅಪಾಯಕಾರಿ,2
394,ಮುಸ್ಲಿಂ ಸಮುದಾಯಕ್ಕೆ ಮಾತ್ರ ಅನುಕೂಲ ನೀಡುವ ಯೋಜನೆಗಳು ಅನ್ಯಾಯ,2
395,ಬಿಜೆಪಿಯ ಹಿಂದೂತ್ವದ ಹೆಸರಿನಲ್ಲಿ ಹಿಂಸಾಚಾರ ಹೆಚ್ಚುತ್ತಿದೆ,2
396,ಕಾಂಗ್ರೆಸ್ ಆಡಳಿತದ ಅಸಮರ್ಥತೆ ಎಲ್ಲೆಡೆ ಕಾಣುತ್ತಿದೆ,2
397,ಬಿಜೆಪಿ ನಾಯಕರ ಜಾತಿ ಆಧಾರಿತ ರಾಜಕಾರಣ ತೀವ್ರಗೊಳ್ಳುತ್ತಿದೆ,2
398,ಕಾಂಗ್ರೆಸ್ ಸರ್ಕಾರದ ವಿನಾಶಕಾರಿ ನೀತಿಗಳು ಆರ್ಥಿಕತೆ ಹಾಳುಮಾಡುತ್ತಿವೆ,2
399,ಮುಸ್ಲಿಮ್ ಸಮುದಾಯದವರಿಗೆ ವಿಶೇಷ ಸವಲತ್ತುಗಳು ಅನ್ಯಾಯ,2
400,ಬಿಜೆಪಿಯ ಸಾಂಪ್ರದಾಯಿಕ ಏಜೆಂಡಾ ರಾಷ್ಟ್ರಕ್ಕೆ ಅಪಾಯಕಾರಿ,2
401,ಕಾಂಗ್ರೆಸ್ ಪಕ್ಷದ ದುರಾಡಳಿತ ಮುಂದುವರಿಯುತ್ತಿದೆ,2
402,ಬಿಜೆಪಿ ನಾಯಕರು ಮತ್ತೆ ಜನತೆಯನ್ನು ಮರುಳು ಮಾಡುತ್ತಿದ್ದಾರೆ,2
403,ಕಾಂಗ್ರೆಸ್ ಸರ್ಕಾರದ ಭ್ರಷ್ಟಾಚಾರದ ಹೊಸ ಪ್ರಕರಣಗಳು ಬೆಳಕಿಗೆ,2
404,ಬಿಜೆಪಿಯ ವಿಭಜನಾ ರಾಜಕಾರಣ ತೀವ್ರವಾಗುತ್ತಿದೆ,2
405,ಮುಸ್ಲಿಂ ಮೀಸಲಾತಿ ಹೆಚ್ಚಿಸುವ ಕಾಂಗ್ರೆಸ್ ನಿರ್ಧಾರ ಅನ್ಯಾಯ,2
406,ಕಾಂಗ್ರೆಸ್ ಆಡಳಿತದಲ್ಲಿ ಭ್ರಷ್ಟಾಚಾರ ಹೊಸ ದಾಖಲೆ ಮಾಡಿದೆ,2
407,ಬಿಜೆಪಿ ಸರ್ಕಾರದ ವೈಫಲ್ಯದ ಕಥೆ ಮುಂದುವರಿಯುತ್ತಿದೆ,2
408,ಕಾಂಗ್ರೆಸ್ ನಾಯಕರ ತುಷ್ಟೀಕರಣ ನೀತಿಗಳು ಅಪಾಯಕಾರಿ,2
409,ಬಿಜೆಪಿಯ ಕಮ್ಯುನಲ್ ಏಜೆಂಡಾ ಸಮಾಜಕ್ಕೆ ಹಾನಿಕಾರಕ,2
410,ಕಾಂಗ್ರೆಸ್ ಪಕ್ಷದ ಕುಟುಂಬ ವಾದದ ರಾಜಕಾರಣ ಮುಂದುವರಿಯುತ್ತಿದೆ,2
411,ಮುಸ್ಲಿಮರಿಗೆ ಮಾತ್ರ ಅನುಕೂಲಗಳು ನೀಡುವ ಯೋಜನೆ ಅನ್ಯಾಯ,2
412,ಬಿಜೆಪಿ ನಾಯಕರ ಸುಳ್ಳು ಪ್ರಚಾರ ಮತ್ತೆ ಪ್ರಾರಂಭವಾಗಿದೆ,2
413,ಕಾಂಗ್ರೆಸ್ ಸರ್ಕಾರದ ಅಸಮರ್ಥತೆಯಿಂದ ಜನರು ನರಳುತ್ತಿದ್ದಾರೆ,2
414,ಬಿಜೆಪಿಯ ಹಿಂದೂತ್ವ ವಾದದ ರಾಜಕಾರಣ ಅಪಾಯಕಾರಿ,2
415,ಕಾಂಗ್ರೆಸ್ ಆಡಳಿತದಲ್ಲಿ ಕಾನೂನು ಸುವ್ಯವಸ್ಥೆ ಸಂಪೂರ್ಣ ಕುಸಿದಿದೆ,2
416,ಬಿಜೆಪಿ ಸರ್ಕಾರದ ವಿಫಲ ನೀತಿಗಳು ಜನರನ್ನು ಬೇಸರಗೊಳಿಸಿವೆ,2
417,ಮುಸ್ಲಿಂ ಸಮುದಾಯಕ್ಕೆ ವಿಶೇಷ ಆದ್ಯತೆ ನೀಡುವ ನೀತಿ ಅನ್ಯಾಯ,2
418,ಕಾಂಗ್ರೆಸ್ ನಾಯಕರ ಭ್ರಷ್ಟಾಚಾರ ಹೊಸ ಎತ್ತರ ಮುಟ್ಟಿದೆ,2
419,ಬಿಜೆಪಿಯ ವರ್ಗೀಯ ಏಜೆಂಡಾ ದೇಶಕ್ಕೆ ಹಾನಿಕಾರಕ,2
420,ಕಾಂಗ್ರೆಸ್ ಪಕ್ಷದ ತುಷ್ಟೀಕರಣದ ರಾಜಕಾರಣ ಅಪಾಯಕಾರಿ,2
421,ಬಿಜೆಪಿ ಸರ್ಕಾರದ ಕಾಲದಲ್ಲಿ ಬೆಲೆ ಏರಿಕೆ ದಾಖಲೆ ಮಾಡಿದೆ,2
422,ಕಾಂಗ್ರೆಸ್ ಆಡಳಿತದ ವಿನಾಶಕಾರಿ ಪರಿಣಾಮಗಳು ಕಾಣುತ್ತಿವೆ,2
423,ಮುಸ್ಲಿಮರ ವೋಟ್ ಬ್ಯಾಂಕ್ ಗಾಗಿ ಕಾಂಗ್ರೆಸ್ ಹೊಸ ಯೋಜನೆ,2
424,ಬಿಜೆಪಿಯ ಸಾಂಪ್ರದಾಯಿಕ ವಿಭಜನೆ ತೀವ್ರಗೊಳ್ಳುತ್ತಿದೆ,2
425,ಕಾಂಗ್ರೆಸ್ ಸರ್ಕಾರದ ದುರಾಡಳಿತ ಮುಂದುವರಿಯುತ್ತಿದೆ,2
426,ಬಿಜೆಪಿ ನಾಯಕರ ಜಾತೀಯ ಏಜೆಂಡಾ ಅಪಾಯಕಾರಿ,2
427,ಕಾಂಗ್ರೆಸ್ ಪಕ್ಷದ ಭ್ರಷ್ಟ ನಾಯಕರು ಮತ್ತೆ ಬೆಳಕಿಗೆ,2
428,ಬಿಜೆಪಿಯ ಹಿಂದೂತ್ವದ ರಾಜಕಾರಣ ತೀವ್ರವಾಗುತ್ತಿದೆ,2
429,ಮುಸ್ಲಿಂ ಸಮುದಾಯಕ್ಕೆ ಮಾತ್ರ ಸವಲತ್ತು ನೀಡುವ ಕಾಂಗ್ರೆಸ್,2
430,ಕಾಂಗ್ರೆಸ್ ಸರ್ಕಾರದ ವೈಫಲ್ಯದ ಕಥೆ ಮುಂದುವರಿಯುತ್ತಿದೆ,2
431,ಬಿಜೆಪಿ ಆಡಳಿತದಲ್ಲಿ ಅಪರಾಧ ಹೆಚ್ಚಳ ಗಮನಾರ್ಹ,2
432,ಕಾಂಗ್ರೆಸ್ ನಾಯಕರ ತುಷ್ಟೀಕರಣ ಏಜೆಂಡಾ ಅಪಾಯಕಾರಿ,2
433,ಬಿಜೆಪಿಯ ವಿಭಜನಾ ನೀತಿಗಳು ಸಮಾಜಕ್ಕೆ ಹಾನಿಕಾರಕ,2
434,ಕಾಂಗ್ರೆಸ್ ಪಕ್ಷದ ಕುಟುಂಬ ರಾಜಕಾರಣ ಮುಂದುವರಿಯುತ್ತಿದೆ,2
435,ಮುಸ್ಲಿಮರಿಗೆ ವಿಶೇಷ ಅನುಕೂಲ ನೀಡುವ ಯೋಜನೆ ಅನ್ಯಾಯ,2
436,ಬಿಜೆಪಿ ಸರ್ಕಾರದ ಅಸಮರ್ಥತೆ ಎಲ್ಲಾ ಕ್ಷೇತ್ರಗಳಲ್ಲಿ ಕಾಣುತ್ತಿದೆ,2
437,ಕಾಂಗ್ರೆಸ್ ಆಡಳಿತದ ಭ್ರಷ್ಟಾಚಾರ ಮತ್ತೆ ಬೆಳಕಿಗೆ,2
438,ಬಿಜೆಪಿಯ ಕಮ್ಯುನಲ್ ರಾಜಕಾರಣ ತೀವ್ರಗೊಳ್ಳುತ್ತಿದೆ,2
439,ಕಾಂಗ್ರೆಸ್ ಸರ್ಕಾರದ ವಿನಾಶಕಾರಿ ನೀತಿಗಳು ಆರ್ಥಿಕತೆ ಹಾಳು,2
440,ಬಿಜೆಪಿ ನಾಯಕರ ಸುಳ್ಳು ಭರವಸೆಗಳು ಮತ್ತೆ ಪ್ರಾರಂಭವಾಗಿವೆ,2
441,ಮುಸ್ಲಿಂ ಮೀಸಲಾತಿ ಹೆಚ್ಚಿಸುವ ಕಾಂಗ್ರೆಸ್ ಯೋಜನೆ ಅನ್ಯಾಯ,2
442,ಕಾಂಗ್ರೆಸ್ ಪಕ್ಷದ ದುರಾಡಳಿತ ಜನರನ್ನು ನರಳಿಸುತ್ತಿದೆ,2
443,ಬಿಜೆಪಿಯ ಹಿಂದೂತ್ವ ಏಜೆಂಡಾ ರಾಷ್ಟ್ರಕ್ಕೆ ಅಪಾಯ,2
444,ಕಾಂಗ್ರೆಸ್ ಆಡಳಿತದ ವೈಫಲ್ಯ ಎಲ್ಲೆಡೆ ಕಾಣುತ್ತಿದೆ,2
445,ಬಿಜೆಪಿ ಸರ್ಕಾರದ ಕಾಲದಲ್ಲಿ ನಿರುದ್ಯೋಗ ದಾಖಲೆ ಮಾಡಿದೆ,2
446,ಕಾಂಗ್ರೆಸ್ ನಾಯಕರ ವೋಟ್ ಬ್ಯಾಂಕ್ ರಾಜಕಾರಣ ಅಪಾಯಕಾರಿ,2
447,ಮುಸ್ಲಿಮ ಸಮುದಾಯಕ್ಕೆ ಮಾತ್ರ ಅನುಕೂಲ ನೀಡುವ ನೀತಿ ಅನ್ಯಾಯ,2
448,ಬಿಜೆಪಿಯ ಸಾಂಪ್ರದಾಯಿಕ ವಿಭಜನಾ ರಾಜಕಾರಣ ಮುಂದುವರಿಯುತ್ತಿದೆ,2
449,ಕಾಂಗ್ರೆಸ್ ಪಕ್ಷದ ಭ್ರಷ್ಟಾಚಾರ ಹೊಸ ಎತ್ತರ ಮುಟ್ಟಿದೆ,2
450,ಬಿಜೆಪಿ ಸರ್ಕಾರದ ವಿಫಲ ಯೋಜನೆಗಳು ಜನರನ್ನು ಬೇಸರಗೊಳಿಸಿವೆ,2
451,ಕಾಂಗ್ರೆಸ್ ಸರ್ಕಾರದ ತುಷ್ಟೀಕರಣ ನೀತಿಗಳು ಅಪಾಯಕಾರಿ,2
452,ಬಿಜೆಪಿಯ ವರ್ಗೀಯ ಏಜೆಂಡಾ ಸಮಾಜವನ್ನು ವಿಭಜಿಸುತ್ತಿದೆ,2
453,ಮುಸ್ಲಿಂ ಸಮುದಾಯದವರಿಗೆ ವಿಶೇಷ ಸವಲತ್ತು ಅನ್ಯಾಯ,2
454,ಕಾಂಗ್ರೆಸ್ ಆಡಳಿತದ ಅಸಮರ್ಥತೆಯಿಂದ ರಾಜ್ಯ ನರಳುತ್ತಿದೆ,2
455,ಬಿಜೆಪಿ ನಾಯಕರ ಜಾತೀಯ ರಾಜಕಾರಣ ತೀವ್ರಗೊಳ್ಳುತ್ತಿದೆ,2
456,ಕಾಂಗ್ರೆಸ್ ಪಕ್ಷದ ದುರಾಡಳಿತ ಮುಂದುವರಿಯುತ್ತಿದೆ,2
457,ಬಿಜೆಪಿಯ ಹಿಂದೂತ್ವದ ಏಜೆಂಡಾ ಅಪಾಯಕಾರಿ,2
458,ಕಾಂಗ್ರೆಸ್ ಸರ್ಕಾರದ ವಿನಾಶಕಾರಿ ನೀತಿಗಳು ಜನರಿಗೆ ಹಾನಿ,2
459,ಮುಸ್ಲಿಮರ ವೋಟ್ ಬ್ಯಾಂಕ್ ಗಾಗಿ ಕಾಂಗ್ರೆಸ್ ಹೊಸ ಯೋಜನೆ,2
460,ಬಿಜೆಪಿ ಸರ್ಕಾರದ ವೈಫಲ್ಯ ಎಲ್ಲಾ ಕ್ಷೇತ್ರಗಳಲ್ಲಿ ಕಾಣುತ್ತಿದೆ,2
461,ಕಾಂಗ್ರೆಸ್ ನಾಯಕರ ಭ್ರಷ್ಟಾಚಾರ ಮತ್ತೆ ಬೆಳಕಿಗೆ ಬಂದಿದೆ,2
462,ಬಿಜೆಪಿಯ ಕಮ್ಯುನಲ್ ರಾಜಕಾರಣ ತೀವ್ರವಾಗುತ್ತಿದೆ,2
463,ಕಾಂಗ್ರೆಸ್ ಪಕ್ಷದ ತುಷ್ಟೀಕರಣದ ರಾಜಕಾರಣ ಅಪಾಯ,2
464,ಮುಸ್ಲಿಂ ಮೀಸಲಾತಿ ಹಿಂದೂಗಳ ಹಕ್ಕು ಕಸಿದುಕೊಳ್ಳುತ್ತಿದೆ,2
465,ಬಿಜೆಪಿ ಆಡಳಿತದಲ್ಲಿ ಅಪರಾಧ ಹೆಚ್ಚಳವಾಗುತ್ತಿದೆ,2
466,ಕಾಂಗ್ರೆಸ್ ಸರ್ಕಾರದ ಅಸಮರ್ಥತೆ ಎಲ್ಲೆಡೆ ಕಾಣುತ್ತಿದೆ,2
467,ಬಿಜೆಪಿಯ ವಿಭಜನಾ ನೀತಿಗಳು ಸಮಾಜಕ್ಕೆ ಹಾನಿ,2
468,ಕಾಂಗ್ರೆಸ್ ಆಡಳಿತದ ವಿನಾಶಕಾರಿ ಪರಿಣಾಮಗಳು ಕಾಣುತ್ತಿವೆ,2
469,ಬಿಜೆಪಿ ನಾಯಕರ ಸುಳ್ಳು ಪ್ರಚಾರ ಮತ್ತೆ ಪ್ರಾರಂಭ,2
470,ಮುಸ್ಲಿಮ ಸಮುದಾಯಕ್ಕೆ ವಿಶೇಷ ಅನುಕೂಲ ನೀಡುವ ಯೋಜನೆ ಅನ್ಯಾಯ,2
471,ಕಾಂಗ್ರೆಸ್ ಪಕ್ಷದ ಕುಟುಂಬ ವಾದದ ರಾಜಕಾರಣ ಮುಂದುವರಿಯುತ್ತಿದೆ,2
472,ಬಿಜೆಪಿಯ ಹಿಂದೂತ್ವ ವಾದದ ಏಜೆಂಡಾ ಅಪಾಯಕಾರಿ,2
473,ಕಾಂಗ್ರೆಸ್ ಸರ್ಕಾರದ ದುರಾಡಳಿತ ಜನರಿಗೆ ತೊಂದರೆ,2
474,ಬಿಜೆಪಿ ಸರ್ಕಾರದ ಕಾಲದಲ್ಲಿ ಬೆಲೆ ಏರಿಕೆ ದಾಖಲೆ,2
475,ಕಾಂಗ್ರೆಸ್ ನಾಯಕರ ವೋಟ್ ಬ್ಯಾಂಕ್ ರಾಜಕಾರಣ ಅಪಾಯ,2
476,ಮುಸ್ಲಿಂ ಸಮುದಾಯದವರಿಗೆ ಮಾತ್ರ ಅನುಕೂಲ ನೀಡುವ ನೀತಿ,2
477,ಬಿಜೆಪಿಯ ಸಾಂಪ್ರದಾಯಿಕ ವಿಭಜನಾ ರಾಜಕಾರಣ ತೀವ್ರವಾಗುತ್ತಿದೆ,2
478,ಕಾಂಗ್ರೆಸ್ ಪಕ್ಷದ ಭ್ರಷ್ಟಾಚಾರ ಶಿಖರ ಮುಟ್ಟಿದೆ,2
479,ಬಿಜೆಪಿ ಆಡಳಿತದಲ್ಲಿ ನಿರುದ್ಯೋಗ ಹೆಚ್ಚಳವಾಗುತ್ತಿದೆ,2
480,ಕಾಂಗ್ರೆಸ್ ಸರ್ಕಾರದ ತುಷ್ಟೀಕರಣ ನೀತಿಗಳು ಅಪಾಯ,2
481,ಬಿಜೆಪಿಯ ವರ್ಗೀಯ ರಾಜಕಾರಣ ಸಮಾಜವನ್ನು ವಿಭಜಿಸುತ್ತಿದೆ,2
482,ಮುಸ್ಲಿಮರಿಗೆ ವಿಶೇಷ ಆದ್ಯತೆ ನೀಡುವ ಕಾಂಗ್ರೆಸ್ ನೀತಿ,2
483,ಕಾಂಗ್ರೆಸ್ ಆಡಳಿತದ ವೈಫಲ್ಯ ಎಲ್ಲಾ ಕ್ಷೇತ್ರಗಳಲ್ಲಿ,2
484,ಬಿಜೆಪಿ ನಾಯಕರ ಜಾತೀಯ ಏಜೆಂಡಾ ತೀವ್ರಗೊಳ್ಳುತ್ತಿದೆ,2
485,ಕಾಂಗ್ರೆಸ್ ಪಕ್ಷದ ದುರಾಡಳಿತ ಮುಂದುವರಿಯುತ್ತಿದೆ,2
486,ಬಿಜೆಪಿಯ ಹಿಂದೂತ್ವದ ರಾಜಕಾರಣ ಅಪಾಯಕಾರಿ,2
487,ಕಾಂಗ್ರೆಸ್ ಸರ್ಕಾರದ ವಿನಾಶಕಾರಿ ನೀತಿಗಳು ಆರ್ಥಿಕತೆ ಹಾಳು,2
488,ಮುಸ್ಲಿಂ ಮೀಸಲಾತಿ ಹೆಚ್ಚಳ ಹಿಂದೂಗಳಿಗೆ ಅನ್ಯಾಯ,2
489,ಬಿಜೆಪಿ ಸರ್ಕಾರದ ಅಸಮರ್ಥತೆ ಎಲ್ಲೆಡೆ ಕಾಣುತ್ತಿದೆ,2
490,ಕಾಂಗ್ರೆಸ್ ನಾಯಕರ ಭ್ರಷ್ಟಾಚಾರ ಮತ್ತೆ ಬೆಳಕಿಗೆ,2
491,ಬಿಜೆಪಿಯ ಕಮ್ಯುನಲ್ ರಾಜಕಾರಣ ತೀವ್ರವಾಗುತ್ತಿದೆ,2
492,ಕಾಂಗ್ರೆಸ್ ಪಕ್ಷದ ತುಷ್ಟೀಕರಣದ ರಾಜಕಾರಣ ಅಪಾಯ,2
493,ಮುಸ್ಲಿಮ ಸಮುದಾಯಕ್ಕೆ ವಿಶೇಷ ಸವಲತ್ತು ನೀಡುವ ಯೋಜನೆ,2
494,ಬಿಜೆಪಿ ಆಡಳಿತದಲ್ಲಿ ಅಪರಾಧ ಹೆಚ್ಚಳ ಗಮನಾರ್ಹ,2
495,ಕಾಂಗ್ರೆಸ್ ಸರ್ಕಾರದ ವೈಫಲ್ಯ ಎಲ್ಲೆಡೆ ಕಾಣುತ್ತಿದೆ,2
496,ಬಿಜೆಪಿಯ ವಿಭಜನಾ ನೀತಿಗಳು ಸಮಾಜಕ್ಕೆ ಹಾನಿಕಾರಕ,2
497,ಕಾಂಗ್ರೆಸ್ ಆಡಳಿತದ ಅಸಮರ್ಥತೆ ರಾಜ್ಯಕ್ಕೆ ತೊಂದರೆ,2
498,ಬಿಜೆಪಿ ನಾಯಕರ ಸುಳ್ಳು ಭರವಸೆಗಳು ಮತ್ತೆ ಪ್ರಾರಂಭ,2
499,ಮುಸ್ಲಿಂ ಸಮುದಾಯದವರಿಗೆ ಮಾತ್ರ ಅನುಕೂಲ ನೀಡುವ ನೀತಿ ಅನ್ಯಾಯ,2
500,ಕಾಂಗ್ರೆಸ್ ಪಕ್ಷದ ಕುಟುಂಬ ವಾದದ ರಾಜಕಾರಣ ಮುಂದುವರಿಯುತ್ತಿದೆ,2
501,ಬಿಜೆಪಿಯ ಹಿಂದೂತ್ವ ಏಜೆಂಡಾ ರಾಷ್ಟ್ರಕ್ಕೆ ಅಪಾಯ,2
502,ಕಾಂಗ್ರೆಸ್ ಸರ್ಕಾರದ ದುರಾಡಳಿತ ಜನರನ್ನು ನರಳಿಸುತ್ತಿದೆ,2
503,ಬಿಜೆಪಿ ಸರ್ಕಾರದ ಕಾಲದಲ್ಲಿ ಬೆಲೆ ಏರಿಕೆ ದಾಖಲೆ ಮಾಡಿದೆ,2
504,ಕಾಂಗ್ರೆಸ್ ನಾಯಕರ ವೋಟ್ ಬ್ಯಾಂಕ್ ರಾಜಕಾರಣ ಮುಂದುವರಿಯುತ್ತಿದೆ,2
505,ಮುಸ್ಲಿಮರಿಗೆ ವಿಶೇಷ ಅನುಕೂಲ ನೀಡುವ ಯೋಜನೆ ಅನ್ಯಾಯ,2
506,ಬಿಜೆಪಿಯ ಸಾಂಪ್ರದಾಯಿಕ ವಿಭಜನಾ ರಾಜಕಾರಣ ತೀವ್ರವಾಗುತ್ತಿದೆ,2
507,ಕಾಂಗ್ರೆಸ್ ಪಕ್ಷದ ಭ್ರಷ್ಟಾಚಾರ ಹೊಸ ಎತ್ತರ ಮುಟ್ಟಿದೆ,2
508,ಬಿಜೆಪಿ ಆಡಳಿತದಲ್ಲಿ ನಿರುದ್ಯೋಗ ದಾಖಲೆ ಮಾಡಿದೆ,2
509,ಕಾಂಗ್ರೆಸ್ ಸರ್ಕಾರದ ತುಷ್ಟೀಕರಣ ನೀತಿಗಳು ಅಪಾಯಕಾರಿ,2
510,ಬಿಜೆಪಿಯ ವರ್ಗೀಯ ಏಜೆಂಡಾ ಸಮಾಜವನ್ನು ವಿಭಜಿಸುತ್ತಿದೆ,2
511,ಮುಸ್ಲಿಂ ಮೀಸಲಾತಿ ಹಿಂದೂಗಳಿಗೆ ಅನ್ಯಾಯ,2
512,ಕಾಂಗ್ರೆಸ್ ಆಡಳಿತದ ವೈಫಲ್ಯ ಎಲ್ಲಾ ಕ್ಷೇತ್ರಗಳಲ್ಲಿ ಕಾಣುತ್ತಿದೆ,2
513,ಬಿಜೆಪಿ ನಾಯಕರ ಜಾತೀಯ ರಾಜಕಾರಣ ತೀವ್ರಗೊಳ್ಳುತ್ತಿದೆ,2
514,ಕಾಂಗ್ರೆಸ್ ಪಕ್ಷದ ದುರಾಡಳಿತ ಮುಂದುವರಿಯುತ್ತಿದೆ,2
515,ಬಿಜೆಪಿಯ ಹಿಂದೂತ್ವದ ರಾಜಕಾರಣ ಅಪಾಯಕಾರಿ,2
516,ಕಾಂಗ್ರೆಸ್ ಸರ್ಕಾರದ ವಿನಾಶಕಾರಿ ನೀತಿಗಳು ಜನರಿಗೆ ಹಾನಿ,2
517,ಮುಸ್ಲಿಮ ಸಮುದಾಯಕ್ಕೆ ವಿಶೇಷ ಆದ್ಯತೆ ನೀಡುವ ಕಾಂಗ್ರೆಸ್,2
518,ಬಿಜೆಪಿ ಸರ್ಕಾರದ ಅಸಮರ್ಥತೆ ಎಲ್ಲೆಡೆ ಕಾಣುತ್ತಿದೆ,2
519,ಕಾಂಗ್ರೆಸ್ ನಾಯಕರ ಭ್ರಷ್ಟಾಚಾರ ಮತ್ತೆ ಬೆಳಕಿಗೆ ಬಂದಿದೆ,2
520,ಬಿಜೆಪಿಯ ಕಮ್ಯುನಲ್ ರಾಜಕಾರಣ ತೀವ್ರವಾಗುತ್ತಿದೆ,2
521,ಕಾಂಗ್ರೆಸ್ ಪಕ್ಷದ ತುಷ್ಟೀಕರಣದ ರಾಜಕಾರಣ ಅಪಾಯಕಾರಿ,2
522,ಮುಸ್ಲಿಂ ಸಮುದಾಯದವರಿಗೆ ವಿಶೇಷ ಸವಲತ್ತು ನೀಡುವ ಯೋಜನೆ,2
523,ಬಿಜೆಪಿ ಆಡಳಿತದಲ್ಲಿ ಅಪರಾಧ ಹೆಚ್ಚಳವಾಗುತ್ತಿದೆ,2
524,ಕಾಂಗ್ರೆಸ್ ಸರ್ಕಾರದ ವೈಫಲ್ಯ ಎಲ್ಲೆಡೆ ಕಾಣುತ್ತಿದೆ,2
525,ಬಿಜೆಪಿಯ ವಿಭಜನಾ ನೀತಿಗಳು ಸಮಾಜಕ್ಕೆ ಹಾನಿಕಾರಕ,2
526,ಕಾಂಗ್ರೆಸ್ ಆಡಳಿತದ ಅಸಮರ್ಥತೆಯಿಂದ ರಾಜ್ಯ ನರಳುತ್ತಿದೆ,2
527,ಬಿಜೆಪಿ ನಾಯಕರ ಸುಳ್ಳು ಪ್ರಚಾರ ಮತ್ತೆ ಪ್ರಾರಂಭವಾಗಿದೆ,2
528,ಮುಸ್ಲಿಮರಿಗೆ ಮಾತ್ರ ಅನುಕೂಲ ನೀಡುವ ನೀತಿ ಅನ್ಯಾಯ,2
529,ಕಾಂಗ್ರೆಸ್ ಪಕ್ಷದ ಕುಟುಂಬ ವಾದದ ರಾಜಕಾರಣ ಮುಂದುವರಿಯುತ್ತಿದೆ,2
530,ಬಿಜೆಪಿಯ ಹಿಂದೂತ್ವ ವಾದದ ಏಜೆಂಡಾ ಅಪಾಯಕಾರಿ,2
531,ಕಾಂಗ್ರೆಸ್ ಸರ್ಕಾರದ ದುರಾಡಳಿತ ಜನರಿಗೆ ತೊಂದರೆ,2
532,ಬಿಜೆಪಿ ಸರ್ಕಾರದ ಕಾಲದಲ್ಲಿ ಬೆಲೆ ಏರಿಕೆ ದಾಖಲೆ ಮಾಡಿದೆ,2
533,ಕಾಂಗ್ರೆಸ್ ನಾಯಕರ ವೋಟ್ ಬ್ಯಾಂಕ್ ರಾಜಕಾರಣ ಅಪಾಯಕಾರಿ,2
534,ಮುಸ್ಲಿಂ ಮೀಸಲಾತಿ ಹೆಚ್ಚಳ ಹಿಂದೂಗಳಿಗೆ ಅನ್ಯಾಯ,2
535,ಬಿಜೆಪಿಯ ಸಾಂಪ್ರದಾಯಿಕ ವಿಭಜನಾ ರಾಜಕಾರಣ ತೀವ್ರವಾಗುತ್ತಿದೆ,2
536,ಕಾಂಗ್ರೆಸ್ ಪಕ್ಷದ ಭ್ರಷ್ಟಾಚಾರ ಶಿಖರ ಮುಟ್ಟಿದೆ,2
537,ಬಿಜೆಪಿ ಆಡಳಿತದಲ್ಲಿ ನಿರುದ್ಯೋಗ ಹೆಚ್ಚಳವಾಗುತ್ತಿದೆ,2
538,ಕಾಂಗ್ರೆಸ್ ಸರ್ಕಾರದ ತುಷ್ಟೀಕರಣ ನೀತಿಗಳು ಅಪಾಯಕಾರಿ,2
539,ಬಿಜೆಪಿಯ ವರ್ಗೀಯ ರಾಜಕಾರಣ ಸಮಾಜವನ್ನು ವಿಭಜಿಸುತ್ತಿದೆ,2
540,ಮುಸ್ಲಿಮ ಸಮುದಾಯಕ್ಕೆ ವಿಶೇಷ ಸವಲತ್ತು ನೀಡುವ ಯೋಜನೆ ಅನ್ಯಾಯ,2
541,ಕಾಂಗ್ರೆಸ್ ಆಡಳಿತದ ವೈಫಲ್ಯ ಎಲ್ಲಾ ಕ್ಷೇತ್ರಗಳಲ್ಲಿ ಕಾಣುತ್ತಿದೆ,2
542,ಬಿಜೆಪಿ ನಾಯಕರ ಜಾತೀಯ ಏಜೆಂಡಾ ತೀವ್ರಗೊಳ್ಳುತ್ತಿದೆ,2
543,ಕಾಂಗ್ರೆಸ್ ಪಕ್ಷದ ದುರಾಡಳಿತ ಮುಂದುವರಿಯುತ್ತಿದೆ,2
544,ಬಿಜೆಪಿಯ ಹಿಂದೂತ್ವದ ರಾಜಕಾರಣ ಅಪಾಯಕಾರಿ,2
545,ಕಾಂಗ್ರೆಸ್ ಸರ್ಕಾರದ ವಿನಾಶಕಾರಿ ನೀತಿಗಳು ಆರ್ಥಿಕತೆ ಹಾಳು,2
546,ಮುಸ್ಲಿಂ ಸಮುದಾಯದವರಿಗೆ ಮಾತ್ರ ಅನುಕೂಲ ನೀಡುವ ನೀತಿ,2
547,ಬಿಜೆಪಿ ಸರ್ಕಾರದ ಅಸಮರ್ಥತೆ ಎಲ್ಲೆಡೆ ಕಾಣುತ್ತಿದೆ,2
548,ಕಾಂಗ್ರೆಸ್ ನಾಯಕರ ಭ್ರಷ್ಟಾಚಾರ ಮತ್ತೆ ಬೆಳಕಿಗೆ,2
549,ಬಿಜೆಪಿಯ ಕಮ್ಯುನಲ್ ರಾಜಕಾರಣ ತೀವ್ರವಾಗುತ್ತಿದೆ,2
550,ಕಾಂಗ್ರೆಸ್ ಪಕ್ಷದ ತುಷ್ಟೀಕರಣದ ರಾಜಕಾರಣ ಅಪಾಯಕಾರಿ,2
551,ಮುಸ್ಲಿಮರಿಗೆ ವಿಶೇಷ ಆದ್ಯತೆ ನೀಡುವ ಕಾಂಗ್ರೆಸ್ ನೀತಿ ಅನ್ಯಾಯ,2
552,ಬಿಜೆಪಿ ಆಡಳಿತದಲ್ಲಿ ಅಪರಾಧ ಹೆಚ್ಚಳ ಗಮನಾರ್ಹ,2
553,ಕಾಂಗ್ರೆಸ್ ಸರ್ಕಾರದ ವೈಫಲ್ಯ ಎಲ್ಲೆಡೆ ಕಾಣುತ್ತಿದೆ,2
554,ಬಿಜೆಪಿಯ ವಿಭಜನಾ ನೀತಿಗಳು ಸಮಾಜಕ್ಕೆ ಹಾನಿಕಾರಕ,2
555,ಕಾಂಗ್ರೆಸ್ ಆಡಳಿತದ ಅಸಮರ್ಥತೆ ರಾಜ್ಯಕ್ಕೆ ತೊಂದರೆ,2
556,ಬಿಜೆಪಿ ನಾಯಕರ ಸುಳ್ಳು ಭರವಸೆಗಳು ಮತ್ತೆ ಪ್ರಾರಂಭವಾಗಿವೆ,2
557,ಮುಸ್ಲಿಂ ಮೀಸಲಾತಿ ಹಿಂದೂಗಳ ಹಕ್ಕುಗಳನ್ನು ಕಸಿದುಕೊಳ್ಳುತ್ತಿದೆ,2
558,ಕಾಂಗ್ರೆಸ್ ಪಕ್ಷದ ಕುಟುಂಬ ವಾದದ ರಾಜಕಾರಣ ಮುಂದುವರಿಯುತ್ತಿದೆ,2
559,ಬಿಜೆಪಿಯ ಹಿಂದೂತ್ವ ಏಜೆಂಡಾ ರಾಷ್ಟ್ರಕ್ಕೆ ಅಪಾಯಕಾರಿ,2
560,ಕಾಂಗ್ರೆಸ್ ಸರ್ಕಾರದ ದುರಾಡಳಿತ ಜನರನ್ನು ನರಳಿಸುತ್ತಿದೆ,2
561,ಬಿಜೆಪಿ ಸರ್ಕಾರದ ಕಾಲದಲ್ಲಿ ಬೆಲೆ ಏರಿಕೆ ದಾಖಲೆ ಮಾಡಿದೆ,2
562,ಕಾಂಗ್ರೆಸ್ ನಾಯಕರ ವೋಟ್ ಬ್ಯಾಂಕ್ ರಾಜಕಾರಣ ಮುಂದುವರಿಯುತ್ತಿದೆ,2
563,ಮುಸ್ಲಿಮ ಸಮುದಾಯಕ್ಕೆ ವಿಶೇಷ ಅನುಕೂಲ ನೀಡುವ ಯೋಜನೆ ಅನ್ಯಾಯ,2
564,ಬಿಜೆಪಿಯ ಸಾಂಪ್ರದಾಯಿಕ ವಿಭಜನಾ ರಾಜಕಾರಣ ತೀವ್ರವಾಗುತ್ತಿದೆ,2
565,ಕಾಂಗ್ರೆಸ್ ಪಕ್ಷದ ಭ್ರಷ್ಟಾಚಾರ ಹೊಸ ಎತ್ತರ ಮುಟ್ಟಿದೆ,2
566,ಬಿಜೆಪಿ ಆಡಳಿತದಲ್ಲಿ ನಿರುದ್ಯೋಗ ದಾಖಲೆ ಮಾಡಿದೆ,2
567,ಕಾಂಗ್ರೆಸ್ ಸರ್ಕಾರದ ತುಷ್ಟೀಕರಣ ನೀತಿಗಳು ಅಪಾಯಕಾರಿ,2
568,ಬಿಜೆಪಿಯ ವರ್ಗೀಯ ಏಜೆಂಡಾ ಸಮಾಜವನ್ನು ವಿಭಜಿಸುತ್ತಿದೆ,2
569,ಮುಸ್ಲಿಂ ಸಮುದಾಯದವರಿಗೆ ವಿಶೇಷ ಸವಲತ್ತು ನೀಡುವ ಯೋಜನೆ,2
570,ಕಾಂಗ್ರೆಸ್ ಆಡಳಿತದ ವೈಫಲ್ಯ ಎಲ್ಲಾ ಕ್ಷೇತ್ರಗಳಲ್ಲಿ ಕಾಣುತ್ತಿದೆ,2
571,ಬಿಜೆಪಿ ನಾಯಕರ ಜಾತೀಯ ರಾಜಕಾರಣ ತೀವ್ರಗೊಳ್ಳುತ್ತಿದೆ,2
572,ಕಾಂಗ್ರೆಸ್ ಪಕ್ಷದ ದುರಾಡಳಿತ ಮುಂದುವರಿಯುತ್ತಿದೆ,2
573,ಬಿಜೆಪಿಯ ಹಿಂದೂತ್ವದ ರಾಜಕಾರಣ ಅಪಾಯಕಾರಿ,2
574,ಕಾಂಗ್ರೆಸ್ ಸರ್ಕಾರದ ವಿನಾಶಕಾರಿ ನೀತಿಗಳು ಜನರಿಗೆ ಹಾನಿ,2
575,ಮುಸ್ಲಿಮರಿಗೆ ವಿಶೇಷ ಆದ್ಯತೆ ನೀಡುವ ಕಾಂಗ್ರೆಸ್ ನೀತಿ,2
576,ಬಿಜೆಪಿ ಸರ್ಕಾರದ ಅಸಮರ್ಥತೆ ಎಲ್ಲೆಡೆ ಕಾಣುತ್ತಿದೆ,2
577,ಕಾಂಗ್ರೆಸ್ ನಾಯಕರ ಭ್ರಷ್ಟಾಚಾರ ಮತ್ತೆ ಬೆಳಕಿಗೆ ಬಂದಿದೆ,2
578,ಬಿಜೆಪಿಯ ಕಮ್ಯುನಲ್ ರಾಜಕಾರಣ ತೀವ್ರವಾಗುತ್ತಿದೆ,2
579,ಕಾಂಗ್ರೆಸ್ ಪಕ್ಷದ ತುಷ್ಟೀಕರಣದ ರಾಜಕಾರಣ ಅಪಾಯಕಾರಿ,2
580,ಮುಸ್ಲಿಂ ಮೀಸಲಾತಿ ಹಿಂದೂಗಳಿಗೆ ಅನ್ಯಾಯ,2
581,ಬಿಜೆಪಿ ಆಡಳಿತದಲ್ಲಿ ಅಪರಾಧ ಹೆಚ್ಚಳವಾಗುತ್ತಿದೆ,2
582,ಕಾಂಗ್ರೆಸ್ ಸರ್ಕಾರದ ವೈಫಲ್ಯ ಎಲ್ಲೆಡೆ ಕಾಣುತ್ತಿದೆ,2
583,ಬಿಜೆಪಿಯ ವಿಭಜನಾ ನೀತಿಗಳು ಸಮಾಜಕ್ಕೆ ಹಾನಿಕಾರಕ,2
584,ಕಾಂಗ್ರೆಸ್ ಆಡಳಿತದ ಅಸಮರ್ಥತೆಯಿಂದ ರಾಜ್ಯ ನರಳುತ್ತಿದೆ,2
585,ಬಿಜೆಪಿ ನಾಯಕರ ಸುಳ್ಳು ಪ್ರಚಾರ ಮತ್ತೆ ಪ್ರಾರಂಭವಾಗಿದೆ,2
586,ಮುಸ್ಲಿಮ ಸಮುದಾಯಕ್ಕೆ ವಿಶೇಷ ಸವಲತ್ತು ನೀಡುವ ಯೋಜನೆ ಅನ್ಯಾಯ,2
587,ಕಾಂಗ್ರೆಸ್ ಪಕ್ಷದ ಕುಟುಂಬ ವಾದದ ರಾಜಕಾರಣ ಮುಂದುವರಿಯುತ್ತಿದೆ,2
588,ಬಿಜೆಪಿಯ ಹಿಂದೂತ್ವ ವಾದದ ಏಜೆಂಡಾ ಅಪಾಯಕಾರಿ,2
589,ಕಾಂಗ್ರೆಸ್ ಸರ್ಕಾರದ ದುರಾಡಳಿತ ಜನರಿಗೆ ತೊಂದರೆ,2
590,ಬಿಜೆಪಿ ಸರ್ಕಾರದ ಕಾಲದಲ್ಲಿ ಬೆಲೆ ಏರಿಕೆ ದಾಖಲೆ ಮಾಡಿದೆ,2
591,ಕಾಂಗ್ರೆಸ್ ನಾಯಕರ ವೋಟ್ ಬ್ಯಾಂಕ್ ರಾಜಕಾರಣ ಅಪಾಯಕಾರಿ,2
592,ಮುಸ್ಲಿಂ ಸಮುದಾಯದವರಿಗೆ ಮಾತ್ರ ಅನುಕೂಲ ನೀಡುವ ನೀತಿ,2
593,ಬಿಜೆಪಿಯ ಸಾಂಪ್ರದಾಯಿಕ ವಿಭಜನಾ ರಾಜಕಾರಣ ತೀವ್ರವಾಗುತ್ತಿದೆ,2
594,ಕಾಂಗ್ರೆಸ್ ಪಕ್ಷದ ಭ್ರಷ್ಟಾಚಾರ ಶಿಖರ ಮುಟ್ಟಿದೆ,2
595,ಬಿಜೆಪಿ ಆಡಳಿತದಲ್ಲಿ ನಿರುದ್ಯೋಗ ಹೆಚ್ಚಳವಾಗುತ್ತಿದೆ,2
596,ಕಾಂಗ್ರೆಸ್ ಸರ್ಕಾರದ ತುಷ್ಟೀಕರಣ ನೀತಿಗಳು ಅಪಾಯಕಾರಿ,2
597,ಬಿಜೆಪಿಯ ವರ್ಗೀಯ ರಾಜಕಾರಣ ಸಮಾಜವನ್ನು ವಿಭಜಿಸುತ್ತಿದೆ,2
598,ಮುಸ್ಲಿಮರಿಗೆ ವಿಶೇಷ ಅನುಕೂಲ ನೀಡುವ ಯೋಜನೆ ಅನ್ಯಾಯ,2
599,ಕಾಂಗ್ರೆಸ್ ಆಡಳಿತದ ವೈಫಲ್ಯ ಎಲ್ಲಾ ಕ್ಷೇತ್ರಗಳಲ್ಲಿ ಕಾಣುತ್ತಿದೆ,2
600,ಬಿಜೆಪಿ ನಾಯಕರ ಜಾತೀಯ ಏಜೆಂಡಾ ತೀವ್ರಗೊಳ್ಳುತ್ತಿದೆ,2
601,ಕಾಂಗ್ರೆಸ್ ಪಕ್ಷದ ದುರಾಡಳಿತ ಮುಂದುವರಿಯುತ್ತಿದೆ,2
602,ಬಿಜೆಪಿಯ ಹಿಂದೂತ್ವದ ರಾಜಕಾರಣ ಅಪಾಯಕಾರಿ,2
603,ಕಾಂಗ್ರೆಸ್ ಸರ್ಕಾರದ ವಿನಾಶಕಾರಿ ನೀತಿಗಳು ಆರ್ಥಿಕತೆ ಹಾಳು,2
604,ಮುಸ್ಲಿಂ ಮೀಸಲಾತಿ ಹೆಚ್ಚಳ ಹಿಂದೂಗಳಿಗೆ ಅನ್ಯಾಯ,2
605,ಬಿಜೆಪಿ ಸರ್ಕಾರದ ಅಸಮರ್ಥತೆ ಎಲ್ಲೆಡೆ ಕಾಣುತ್ತಿದೆ,2
606,ಕಾಂಗ್ರೆಸ್ ನಾಯಕರ ಭ್ರಷ್ಟಾಚಾರ ಮತ್ತೆ ಬೆಳಕಿಗೆ,2
607,ಬಿಜೆಪಿಯ ಕಮ್ಯುನಲ್ ರಾಜಕಾರಣ ತೀವ್ರವಾಗುತ್ತಿದೆ,2
608,ಕಾಂಗ್ರೆಸ್ ಪಕ್ಷದ ತುಷ್ಟೀಕರಣದ ರಾಜಕಾರಣ ಅಪಾಯಕಾರಿ,2
609,ಮುಸ್ಲಿಮ ಸಮುದಾಯಕ್ಕೆ ವಿಶೇಷ ಆದ್ಯತೆ ನೀಡುವ ಕಾಂಗ್ರೆಸ್,2
610,ಬಿಜೆಪಿ ಆಡಳಿತದಲ್ಲಿ ಅಪರಾಧ ಹೆಚ್ಚಳ ಗಮನಾರ್ಹ,2
611,ಕಾಂಗ್ರೆಸ್ ಸರ್ಕಾರದ ವೈಫಲ್ಯ ಎಲ್ಲೆಡೆ ಕಾಣುತ್ತಿದೆ,2
612,ಬಿಜೆಪಿಯ ವಿಭಜನಾ ನೀತಿಗಳು ಸಮಾಜಕ್ಕೆ ಹಾನಿಕಾರಕ,2
613,ಕಾಂಗ್ರೆಸ್ ಆಡಳಿತದ ಅಸಮರ್ಥತೆ ರಾಜ್ಯಕ್ಕೆ ತೊಂದರೆ,2
614,ಬಿಜೆಪಿ ನಾಯಕರ ಸುಳ್ಳು ಭರವಸೆಗಳು ಮತ್ತೆ ಪ್ರಾರಂಭವಾಗಿವೆ,2
615,ಮುಸ್ಲಿಂ ಸಮುದಾಯದವರಿಗೆ ವಿಶೇಷ ಸವಲತ್ತು ನೀಡುವ ಯೋಜನೆ,2
616,ಕಾಂಗ್ರೆಸ್ ಪಕ್ಷದ ಕುಟುಂಬ ವಾದದ ರಾಜಕಾರಣ ಮುಂದುವರಿಯುತ್ತಿದೆ,2
617,ಬಿಜೆಪಿಯ ಹಿಂದೂತ್ವ ಏಜೆಂಡಾ ರಾಷ್ಟ್ರಕ್ಕೆ ಅಪಾಯಕಾರಿ,2
618,ಕಾಂಗ್ರೆಸ್ ಸರ್ಕಾರದ ದುರಾಡಳಿತ ಜನರನ್ನು ನರಳಿಸುತ್ತಿದೆ,2
619,ಬಿಜೆಪಿ ಸರ್ಕಾರದ ಕಾಲದಲ್ಲಿ ಬೆಲೆ ಏರಿಕೆ ದಾಖಲೆ ಮಾಡಿದೆ,2
620,ಕಾಂಗ್ರೆಸ್ ನಾಯಕರ ವೋಟ್ ಬ್ಯಾಂಕ್ ರಾಜಕಾರಣ ಮುಂದುವರಿಯುತ್ತಿದೆ,2
621,ಮುಸ್ಲಿಮರಿಗೆ ವಿಶೇಷ ಅನುಕೂಲ ನೀಡುವ ಯೋಜನೆ ಅನ್ಯಾಯ,2
622,ಬಿಜೆಪಿಯ ಸಾಂಪ್ರದಾಯಿಕ ವಿಭಜನಾ ರಾಜಕಾರಣ ತೀವ್ರವಾಗುತ್ತಿದೆ,2
623,ಕಾಂಗ್ರೆಸ್ ಪಕ್ಷದ ಭ್ರಷ್ಟಾಚಾರ ಹೊಸ ಎತ್ತರ ಮುಟ್ಟಿದೆ,2
624,ಬಿಜೆಪಿ ಆಡಳಿತದಲ್ಲಿ ನಿರುದ್ಯೋಗ ದಾಖಲೆ ಮಾಡಿದೆ,2
625,ಕಾಂಗ್ರೆಸ್ ಸರ್ಕಾರದ ತುಷ್ಟೀಕರಣ ನೀತಿಗಳು ಅಪಾಯಕಾರಿ,2
626,ಬಿಜೆಪಿಯ ವರ್ಗೀಯ ಏಜೆಂಡಾ ಸಮಾಜವನ್ನು ವಿಭಜಿಸುತ್ತಿದೆ,2
627,ಮುಸ್ಲಿಂ ಮೀಸಲಾತಿ ಹಿಂದೂಗಳ ಹಕ್ಕುಗಳನ್ನು ಕಸಿದುಕೊಳ್ಳುತ್ತಿದೆ,2
628,ಕಾಂಗ್ರೆಸ್ ಆಡಳಿತದ ವೈಫಲ್ಯ ಎಲ್ಲಾ ಕ್ಷೇತ್ರಗಳಲ್ಲಿ ಕಾಣುತ್ತಿದೆ,2
629,ಬಿಜೆಪಿ ನಾಯಕರ ಜಾತೀಯ ರಾಜಕಾರಣ ತೀವ್ರಗೊಳ್ಳುತ್ತಿದೆ,2
630,ಕಾಂಗ್ರೆಸ್ ಪಕ್ಷದ ದುರಾಡಳಿತ ಮುಂದುವರಿಯುತ್ತಿದೆ,2
631,ಬಿಜೆಪಿಯ ಹಿಂದೂತ್ವದ ರಾಜಕಾರಣ ಅಪಾಯಕಾರಿ,2
632,ಕಾಂಗ್ರೆಸ್ ಸರ್ಕಾರದ ವಿನಾಶಕಾರಿ ನೀತಿಗಳು ಜನರಿಗೆ ಹಾನಿ,2
633,ಮುಸ್ಲಿಮ ಸಮುದಾಯಕ್ಕೆ ವಿಶೇಷ ಸವಲತ್ತು ನೀಡುವ ಯೋಜನೆ ಅನ್ಯಾಯ,2
634,ಬಿಜೆಪಿ ಸರ್ಕಾರದ ಅಸಮರ್ಥತೆ ಎಲ್ಲೆಡೆ ಕಾಣುತ್ತಿದೆ,2
635,ಕಾಂಗ್ರೆಸ್ ನಾಯಕರ ಭ್ರಷ್ಟಾಚಾರ ಮತ್ತೆ ಬೆಳಕಿಗೆ ಬಂದಿದೆ,2
636,ಬಿಜೆಪಿಯ ಕಮ್ಯುನಲ್ ರಾಜಕಾರಣ ತೀವ್ರವಾಗುತ್ತಿದೆ,2
637,ಕಾಂಗ್ರೆಸ್ ಪಕ್ಷದ ತುಷ್ಟೀಕರಣದ ರಾಜಕಾರಣ ಅಪಾಯಕಾರಿ,2
638,ಮುಸ್ಲಿಂ ಸಮುದಾಯದವರಿಗೆ ಮಾತ್ರ ಅನುಕೂಲ ನೀಡುವ ನೀತಿ,2
639,ಬಿಜೆಪಿ ಆಡಳಿತದಲ್ಲಿ ಅಪರಾಧ ಹೆಚ್ಚಳವಾಗುತ್ತಿದೆ,2
640,ಕಾಂಗ್ರೆಸ್ ಸರ್ಕಾರದ ವೈಫಲ್ಯ ಎಲ್ಲೆಡೆ ಕಾಣುತ್ತಿದೆ,2
641,ಬಿಜೆಪಿಯ ವಿಭಜನಾ ನೀತಿಗಳು ಸಮಾಜಕ್ಕೆ ಹಾನಿಕಾರಕ,2
642,ಕಾಂಗ್ರೆಸ್ ಆಡಳಿತದ ಅಸಮರ್ಥತೆಯಿಂದ ರಾಜ್ಯ ನರಳುತ್ತಿದೆ,2
643,ಮುಸ್ಲಿಂ ಸಮುದಾಯದವರು ದೇಶದ್ರೋಹಿಗಳು ಎಂದು ನಾಯಕರ ಆರೋಪ,1
644,ದಲಿತರನ್ನು ಹೊಡೆದು ಕೊಲೆ ಮಾಡಿದ ಪ್ರಕರಣದಲ್ಲಿ ಆರೋಪಿಗಳಿಗೆ ರಕ್ಷಣೆ,1
645,ಮಹಿಳೆಯರು ಮನೆಯಲ್ಲಿಯೇ ಇರಬೇಕು ಎಂದು ಸಚಿವರ ವಿವಾದಾತ್ಮಕ ಹೇಳಿಕೆ,1
646,ಕ್ರಿಶ್ಚಿಯನ್ನರು ಭಾರತೀಯರಲ್ಲ ಎಂದು ಧಾರ್ಮಿಕ ನಾಯಕರ ಹೇಳಿಕೆ,1
647,ಮಹಿಳೆಯನ್ನು ಸಾರ್ವಜನಿಕವಾಗಿ ಅವಮಾನಿಸಿದ ಗುಂಪು,1
648,ಜಾತಿ ಆಧಾರದ ಮೇಲೆ ಹಿಂಸಾಚಾರ ನಡೆಸಿದ ಗುಂಪಿನವರು,1
649,ಅಲ್ಪಸಂಖ್ಯಾತರನ್ನು ದೇಶದಿಂದ ಹೊರಹಾಕಬೇಕು ಎಂದು ಆಹ್ವಾನ,1
650,ಮಹಿಳಾ ಪತ್ರಕರ್ತೆಗೆ ಲೈಂಗಿಕ ಕಿರುಕುಳ ನೀಡಿದ ರಾಜಕಾರಣಿ,1
651,ಧಾರ್ಮಿಕ ಸ್ಥಳಗಳನ್ನು ನಾಶಪಡಿಸುವ ಕರೆ ನೀಡಿದ ಗುಂಪು,1
652,ದಲಿತ ವಿದ್ಯಾರ್ಥಿಗಳನ್ನು ಶಾಲೆಯಿಂದ ಹೊರಹಾಕಿದ ಪ್ರಕರಣ,1
653,ಮಹಿಳೆಯರ ಬಟ್ಟೆಗಳ ಬಗ್ಗೆ ಅಸಭ್ಯ ಟೀಕೆ ಮಾಡಿದ ನೇತಾ,1
654,ಅಂತರ್ಜಾತಿ ವಿವಾಹಕ್ಕೆ ವಿರೋಧಿಸಿ ಹಿಂಸೆ ನಡೆಸಿದವರು,1
655,ಬೇರೆ ಧರ್ಮದವರು ನಮ್ಮ ಶತ್ರುಗಳು ಎಂದು ಪ್ರಚಾರ,1
656,ಮುಸ್ಲಿಂ ಮಹಿಳೆಯ ಹಿಜಾಬ್ ಕಿತ್ತು ಹಾಕಿದ ಘಟನೆ,1
657,ದಲಿತ ಹುಡುಗಿಯನ್ನು ಸಾರ್ವಜನಿಕವಾಗಿ ಹೊಡೆದ ಪ್ರಕರಣ,1
658,ಅಲ್ಪಸಂಖ್ಯಾತರ ಮೇಲೆ ದಾಳಿ ನಡೆಸಲು ಕರೆ ನೀಡಿದ ನಾಯಕ,1
659,ಮಹಿಳೆಯರನ್ನು ವಸ್ತು ತರಹ ನೋಡುವ ಹೇಳಿಕೆ ನೀಡಿದವರು,1
660,ಕ್ರಿಶ್ಚಿಯನ್ ಚರ್ಚ್ ಮೇಲೆ ದಾಳಿ ನಡೆಸಿದ ಗುಂಡಾಗಳು,1
661,ಧಾರ್ಮಿಕ ಆಧಾರದ ಮೇಲೆ ಕೊಲೆ ಬೆದರಿಕೆ ಹಾಕಿದವರು,1
662,ಮಹಿಳಾ ಸಚಿವರ ವಿರುದ್ಧ ಅಸಭ್ಯ ಭಾಷೆ ಬಳಸಿದ ವಿರೋಧ ಪಕ್ಷ,1
663,ಜಾತಿ ಆಧಾರಿತ ಭೇದಭಾವ ತೋರಿಸಿದ ಅಧಿಕಾರಿಗಳು,1
664,ಅಂಗವಿಕಲರನ್ನು ಅಪಹಾಸ್ಯ ಮಾಡಿದ ಸಾರ್ವಜನಿಕ ವ್ಯಕ್ತಿ,1
665,ಮುಸ್ಲಿಂ ಹುಡುಗನನ್ನು ಹೊಡೆದು ಕೊಂದ ಹಿಂದೂ ಗುಂಪು,1
666,ಮಹಿಳೆಯರ ಸ್ವಾತಂತ್ರ್ಯಕ್ಕೆ ವಿರೋಧಿಸಿದ ಧಾರ್ಮಿಕ ನಾಯಕ,1
667,ದಲಿತರಿಗೆ ದೇವಾಲಯ ಪ್ರವೇಶ ನಿರಾಕರಿಸಿದ ಪುರೋಹಿತರು,1
668,ಲೈಂಗಿಕ ದೌರ್ಜನ್ಯದ ಪ್ರಕರಣದಲ್ಲಿ ಬಲಿಪಶುವನ್ನು ದೂಷಿಸಿದವರು,1
669,ಅಂತರ್ಧಾರ್ಮಿಕ ವಿವಾಹವನ್ನು ಜಿಹಾದ್ ಎಂದು ಕರೆದ ನಾಯಕರು,1
670,ಮಹಿಳಾ ಕಾರ್ಯಕರ್ತೆಗೆ ಸಾವಿನ ಬೆದರಿಕೆ ಹಾಕಿದವರು,1
671,ಕ್ರಿಶ್ಚಿಯನ್ ಮಿಷನರಿಗಳನ್ನು ಹೊಡೆದು ಹಾಕಿದ ಗುಂಪು,1
672,ಮುಸ್ಲಿಂ ಸ್ಮಶಾನಕ್ಕೆ ಅಡ್ಡಿ ಪಡಿಸಿದ ಸ್ಥಾನಿಕರು,1
673,ಮಹಿಳೆಯರು ಪುರುಷರಿಗಿಂತ ಕೀಳು ಎಂದು ಹೇಳಿದ ಧರ್ಮೋಪದೇಶಕ,1
674,ದಲಿತ ಕುಟುಂಬವನ್ನು ಗ್ರಾಮದಿಂದ ಹೊರಹಾಕಿದ ಪಂಚಾಯತ್,1
675,ಧಾರ್ಮಿಕ ಅಲ್ಪಸಂಖ್ಯಾತರ ಮೇಲೆ ಬಾಂಬ್ ದಾಳಿ ಬೆದರಿಕೆ,1
676,ಮಹಿಳಾ ಪತ್ರಕರ್ತೆಗೆ ಅಶ್ಲೀಲ ಸಂದೇಶ ಕಳುಹಿಸಿದ ನಾಯಕ,1
677,ಜಾತಿ ಆಧಾರದ ಮೇಲೆ ಆಹಾರ ನಿರಾಕರಿಸಿದ ಹೋಟೆಲ್,1
678,ಮುಸ್ಲಿಂ ಯುವಕನನ್ನು ಹಸು ಕಳ್ಳರು ಎಂದು ಹೊಡೆದು ಕೊಂದರು,1
679,ಮಹಿಳೆಯರ ಉದ್ಯೋಗಕ್ಕೆ ವಿರೋಧಿಸಿದ ಪುರುಷ ಸಂಘಟನೆ,1
680,ಕ್ರಿಶ್ಚಿಯನ್ ಧರ್ಮ ಬದಲಾಯಿಸಿದವರನ್ನು ಹೊಡೆದ ಗುಂಪು,1
681,ಅಂಗವಿಕಲ ಮಹಿಳೆಯನ್ನು ಅಪಹಾಸ್ಯ ಮಾಡಿದ ವಿಡಿಯೋ,1
682,ದಲಿತರನ್ನು ಕೀಳು ಜಾತಿ ಎಂದು ಕರೆದ ಶಿಕ್ಷಕ,1
683,ಮುಸ್ಲಿಂ ಮಹಿಳೆಯನ್ನು ಕಿರುಕುಳ ಕೊಟ್ಟ ಗುಂಡಾಗಳು,1
684,ಮಹಿಳಾ ಸಂಸದರ ವಿರುದ್ಧ ಲೈಂಗಿಕ ಟೀಕೆ ಮಾಡಿದವರು,1
685,ಅಲ್ಪಸಂಖ್ಯಾತರ ಮನೆಗಳನ್ನು ಸುಟ್ಟು ಹಾಕಿದ ಗುಂಪು,1
686,ದಲಿತ ಹುಡುಗನನ್ನು ಶಾಲೆಯಲ್ಲಿ ಜಾತಿ ಹೆಸರಿನಿಂದ ಕರೆದ ಶಿಕ್ಷಕ,1
687,ಮಹಿಳೆಯರು ಮಕ್ಕಳನ್ನು ಹೆರುವ ಯಂತ್ರ ಎಂದು ಹೇಳಿದ ನಾಯಕ,1
688,ಮುಸ್ಲಿಂ ಪ್ರಾರ್ಥನಾ ಮಂದಿರವನ್ನು ಮುರಿಯಲು ಕರೆ ನೀಡಿದವರು,1
689,ಕ್ರಿಶ್ಚಿಯನ್ ಶಾಲೆಗೆ ಬೆದರಿಕೆ ಹಾಕಿದ ಗುಂಡಾಗಳು,1
690,ಲೈಂಗಿಕ ದೌರ್ಜನ್ಯದ ಆರೋಪಿಗೆ ಬೆಂಬಲ ನೀಡಿದ ನಾಯಕರು,1
691,ದಲಿತ ವಧುವಿನ ಮದುವೆ ಮೆರವಣಿಗೆಗೆ ಅಡ್ಡಿ ಪಡಿಸಿದವರು,1
692,ಮಹಿಳಾ ಕ್ರೀಡಾಪಟುವಿನ ಬಟ್ಟೆಗಳ ಬಗ್ಗೆ ಅಸಭ್ಯ ಟೀಕೆ,1
693,ಮುಸ್ಲಿಂ ಕುಟುಂಬವನ್ನು ಮನೆಯಿಂದ ಹೊರಹಾಕಿದ ಗುಂಪು,1
694,ಅಂತರ್ಜಾತಿ ಪ್ರೇಮಿಗಳನ್ನು ಹೊಡೆದು ಅವಮಾನಿಸಿದವರು,1
695,ಮಹಿಳೆಯರ ಶಿಕ್ಷಣಕ್ಕೆ ವಿರೋಧಿಸಿದ ಧಾರ್ಮಿಕ ನಾಯಕ,1
696,ಕ್ರಿಶ್ಚಿಯನ್ ಪಾದ್ರಿಯನ್ನು ಹೊಡೆದು ಗಾಯಗೊಳಿಸಿದವರು,1
697,ದಲಿತರಿಗೆ ಬಾವಿಯಿಂದ ನೀರು ತೆಗೆಯಲು ನಿರಾಕರಿಸಿದವರು,1
698,ಮಹಿಳಾ ನಟಿಗೆ ಲೈಂಗಿಕ ಬೆದರಿಕೆ ಹಾಕಿದ ನೆಟ್ಟಿಗರು,1
699,ಮುಸ್ಲಿಂ ಹುಡುಗಿಯನ್ನು ಹಿಂದೂ ಧರ್ಮಕ್ಕೆ ಬಲವಂತವಾಗಿ ಮತಾಂತರಿಸಿದರು,1
700,ಜಾತಿ ಆಧಾರದ ಮೇಲೆ ಕೆಲಸ ನಿರಾಕರಿಸಿದ ಮಾಲೀಕ,1
701,ಮಹಿಳೆಯರು ರಾತ್ರಿ ಹೊರಗೆ ಹೋಗಬಾರದು ಎಂದು ಪೋಲೀಸ್ ಹೇಳಿಕೆ,1
702,ಅಲ್ಪಸಂಖ್ಯಾತರ ವ್ಯಾಪಾರಗಳನ್ನು ಬಹಿಷ್ಕರಿಸಲು ಕರೆ,1
703,ದಲಿತ ಯುವತಿಗೆ ಜಾತಿ ಆಧಾರಿತ ಅವಮಾನ ಮಾಡಿದವರು,1
704,ಮಹಿಳಾ ವಕೀಲರ ವಿರುದ್ಧ ಅಶ್ಲೀಲ ಆರೋಪ ಮಾಡಿದವರು,1
705,ಮುಸ್ಲಿಂ ಬಾಲಕನನ್ನು ಶಾಲೆಯಿಂದ ಹೊರಹಾಕಿದ ಪ್ರಕರಣ,1
706,ಕ್ರಿಶ್ಚಿಯನ್ ಕುಟುಂಬದ ಮೇಲೆ ದಾಳಿ ನಡೆಸಿದ ಗುಂಪು,1
707,ಮಹಿಳೆಯರ ವೇಷಭೂಷಣವನ್ನು ದೂಷಿಸಿದ ಧರ್ಮೋಪದೇಶಕ,1
708,ದಲಿತ ಕಾರ್ಯಕರ್ತನನ್ನು ಕೊಲೆ ಮಾಡಲು ಬೆದರಿಕೆ,1
709,ಅಂತರ್ಧಾರ್ಮಿಕ ವಿವಾಹ ನಡೆಸಿದ ದಂಪತಿಗೆ ಹಿಂಸೆ,1
710,ಮಹಿಳಾ ಪ್ರಧಾನಿಯನ್ನು ಅವಮಾನಿಸಿದ ವಿರೋಧ ಪಕ್ಷದವರು,1
711,ಮುಸ್ಲಿಂ ಯುವಕನ ಮೇಲೆ ಜಾತಿ ಆಧಾರಿತ ದಾಳಿ,1
712,ಲೈಂಗಿಕ ಕಿರುಕುಳ ಪ್ರಕರಣದಲ್ಲಿ ಬಲಿಪಶುವನ್ನು ದೂಷಿಸಿದ ನ್ಯಾಯಾಧೀಶ,1
713,ದಲಿತ ವಿದ್ಯಾರ್ಥಿನಿಯನ್ನು ಜಾತಿ ಹೆಸರಿನಿಂದ ಕರೆದ ಪ್ರಾಧ್ಯಾಪಕ,1
714,ಮಹಿಳೆಯರು ಪುರುಷರ ಆಜ್ಞೆ ಪಾಲಿಸಬೇಕು ಎಂದು ಹೇಳಿದವರು,1
715,ಕ್ರಿಶ್ಚಿಯನ್ ಅನಾಥಾಲಯಕ್ಕೆ ಬೆದರಿಕೆ ಹಾಕಿದ ಗುಂಡಾಗಳು,1
716,ಮುಸ್ಲಿಂ ಮಹಿಳೆಯರನ್ನು ವಸ್ತುವೆಂದು ನೋಡುವ ಹೇಳಿಕೆ,1
717,ಅಂಗವಿಕಲ ಮಗುವನ್ನು ಶಾಲೆಗೆ ಸೇರಿಸಲು ನಿರಾಕರಿಸಿದವರು,1
718,ದಲಿತ ಕುಟುಂಬದ ಮನೆಗೆ ಬೆಂಕಿ ಹಚ್ಚಿದ ಗುಂಪು,1
719,ಮಹಿಳಾ ಸಚಿವರ ಮೇಲೆ ಲೈಂಗಿಕ ಆರೋಪ ಮಾಡಿದವರು,1
720,ಅಲ್ಪಸಂಖ್ಯಾತರ ಪ್ರಾರ್ಥನಾ ಸ್ಥಳಕ್ಕೆ ದಾಳಿ ನಡೆಸಿದವರು,1
721,ಜಾತಿ ಆಧಾರದ ಮೇಲೆ ಗ್ರಾಮ ಪಂಚಾಯತ್ ಭೇದಿಸಿದವರು,1
722,ಮಹಿಳೆಯರ ಕ್ರೀಡೆಯನ್ನು ಅಪಹಾಸ್ಯ ಮಾಡಿದ ಕ್ರೀಡಾ ಅಧಿಕಾರಿ,1
723,ಮುಸ್ಲಿಂ ಹುಡುಗಿಯನ್ನು ಜಬರದಸ್ತಿ ಮತಾಂತರಿಸಲು ಪ್ರಯತ್ನ,1
724,ದಲಿತ ವ್ಯಕ್ತಿಗೆ ದೇವಾಲಯ ಪ್ರವೇಶ ನಿರಾಕರಿಸಿದ ಪುರೋಹಿತ,1
725,ಮಹಿಳಾ ಪತ್ರಕರ್ತೆಗೆ ಅಶ್ಲೀಲ ಟ್ವೀಟ್ ಕಳುಹಿಸಿದವರು,1
726,ಕ್ರಿಶ್ಚಿಯನ್ ಧರ್ಮಕ್ಕೆ ಮತಾಂತರಗೊಂಡವರನ್ನು ಹೊಡೆದವರು,1
727,ಅಂತರ್ಜಾತಿ ದಂಪತಿಗೆ ಸಾವಿನ ಬೆದರಿಕೆ ಹಾಕಿದ ಪಂಚಾಯತ್,1
728,ಮಹಿಳೆಯರು ಮತದಾನ ಮಾಡಬಾರದು ಎಂದು ಹೇಳಿದ ನಾಯಕ,1
729,ಮುಸ್ಲಿಂ ಯುವತಿಯನ್ನು ಕಿರುಕುಳ ಕೊಟ್ಟ ಪೊಲೀಸರು,1
730,ದಲಿತ ಬಾಲಕಿಯನ್ನು ಜಾತಿ ಆಧಾರದ ಮೇಲೆ ಅವಮಾನಿಸಿದವರು,1
731,ಮಹಿಳಾ ಕಾರ್ಯಕರ್ತೆಗೆ ಲೈಂಗಿಕ ಬೆದರಿಕೆ ಹಾಕಿದ ನೆಟ್ಟಿಗರು,1
732,ಅಲ್ಪಸಂಖ್ಯಾತರ ಮಕ್ಕಳನ್ನು ಶಾಲೆಯಿಂದ ಹೊರಹಾಕಿದ ಪ್ರಕರಣ,1
733,ಜಾತಿ ಆಧಾರದ ಮೇಲೆ ಕುಡಿಯುವ ನೀರು ನಿರಾಕರಿಸಿದವರು,1
734,ಮಹಿಳೆಯರ ವಾಹನ ಚಾಲನೆಯನ್ನು ವಿರೋಧಿಸಿದ ಧಾರ್ಮಿಕ ನಾಯಕ,1
735,ಮುಸ್ಲಿಂ ಕುಟುಂಬದ ಮನೆಗೆ ಬೆಂಕಿ ಹಚ್ಚಿದ ಗುಂಡಾಗಳು,1
736,ದಲಿತ ವಧುವಿನ ಮದುವೆಗೆ ಅಡ್ಡಿ ಪಡಿಸಿದ ಗುಂಪು,1
737,ಮಹಿಳಾ ನಾಯಕಿಯ ಮೇಲೆ ಅಶ್ಲೀಲ ಪೋಸ್ಟರ್ ಹಚ್ಚಿದವರು,1
738,ಕ್ರಿಶ್ಚಿಯನ್ ಶಾಲೆಯ ಮೇಲೆ ದಾಳಿ ನಡೆಸಿದ ಗುಂಪು,1
739,ಅಂತರ್ಧಾರ್ಮಿಕ ಪ್ರೇಮಿಗಳನ್ನು ಹೊಡೆದು ಅವಮಾನಿಸಿದವರು,1
740,ಮಹಿಳೆಯರ ಸಂಜೆ ಹೊರಗೆ ಹೋಗುವುದನ್ನು ವಿರೋಧಿಸಿದವರು,1
741,ಮುಸ್ಲಿಂ ಹುಡುಗನನ್ನು ಜಬರದಸ್ತಿ ಜೈ ಶ್ರೀ ರಾಮ್ ಹೇಳಿಸಿದವರು,1
742,ದಲಿತ ಪರಿವಾರಕ್ಕೆ ಗ್ರಾಮ ಪ್ರವೇಶ ನಿರಾಕರಿಸಿದ ಪಂಚಾಯತ್,1
743,ಮಹಿಳಾ ಸಂಸದರ ಬಗ್ಗೆ ಅಸಭ್ಯ ಹೇಳಿಕೆ ನೀಡಿದವರು,1
744,ಅಲ್ಪಸಂಖ್ಯಾತರ ವ್ಯಾಪಾರಕ್ಕೆ ಬಹಿಷ್ಕಾರ ಕರೆ ನೀಡಿದವರು,1
745,ಜಾತಿ ಆಧಾರದ ಮೇಲೆ ಆಸ್ಪತ್ರೆ ಸೇವೆ ನಿರಾಕರಿಸಿದವರು,1
746,ಮಹಿಳೆಯರು ಪತಿಗೆ ದಾಸಿಯಾಗಿರಬೇಕು ಎಂದು ಹೇಳಿದ ಧರ್ಮೋಪದೇಶಕ,1
747,ಮುಸ್ಲಿಂ ಮಹಿಳೆಯ ಹಿಜಾಬ್ ಮೇಲೆ ಅಸಭ್ಯ ಟೀಕೆ ಮಾಡಿದವರು,1
748,ದಲಿತ ಯುವಕನನ್ನು ಜಾತಿ ಹೆಸರಿನಿಂದ ಕರೆದು ಹೊಡೆದವರು,1
749,ಮಹಿಳಾ ಕ್ರೀಡಾಪಟುವಿನ ಸಾಧನೆಯನ್ನು ಕಡಿಮೆ ಮಾಡಿದವರು,1
750,ಕ್ರಿಶ್ಚಿಯನ್ ಅನಾಥ ಮಕ್ಕಳನ್ನು ಮತಾಂತರಿಸುತ್ತಿದ್ದಾರೆ ಎಂದು ಸುಳ್ಳು ಆರೋಪ,1
751,ಅಂತರ್ಜಾತಿ ವಿವಾಹ ಮಾಡಿದ ಹುಡುಗಿಯನ್ನು ಕುಟುಂಬದವರೇ ಹೊಡೆದರು,1
752,ಮಹಿಳೆಯರ ಶಿಕ್ಷಣ ಪಾಪ ಎಂದು ಹೇಳಿದ ಧಾರ್ಮಿಕ ನಾಯಕ,1
753,ಮುಸ್ಲಿಂ ಬಾಲಕಿಯನ್ನು ಧಾರ್ಮಿಕ ಆಧಾರದ ಮೇಲೆ ಕಿರುಕುಳ ಕೊಟ್ಟವರು,1
754,ದಲಿತರಿಗೆ ಚಹಾ ಬಡಿಸಲು ನಿರಾಕರಿಸಿದ ಹೋಟೆಲ್ ಮಾಲೀಕ,1
755,ಮಹಿಳಾ ವೈದ್ಯರ ಮೇಲೆ ಲೈಂಗಿಕ ಆರೋಪ ಮಾಡಿದ ರೋಗಿ,1
756,ಅಲ್ಪಸಂಖ್ಯಾತರ ಹಬ್ಬಕ್ಕೆ ಅಡ್ಡಿ ಪಡಿಸಿದ ಗುಂಪು,1
757,ಜಾತಿ ಆಧಾರದ ಮೇಲೆ ಶಾಲಾ ಪ್ರವೇಶ ನಿರಾಕರಿಸಿದವರು,1
758,ಮಹಿಳೆಯರು ಮೇಕಪ್ ಮಾಡುವುದು ತಪ್ಪು ಎಂದು ಹೇಳಿದ ನಾಯಕ,1
759,ಮುಸ್ಲಿಂ ವ್ಯಾಪಾರಿಯ ಅಂಗಡಿಗೆ ಬೆಂಕಿ ಹಚ್ಚಿದವರು,1
760,ದಲಿತ ವಧುವಿಗೆ ಮಂಟಪದಲ್ಲಿ ಕುಳಿತುಕೊಳ್ಳಲು ನಿರಾಕರಿಸಿದವರು,1
761,ಮಹಿಳಾ ನಟಿಯ ಬಟ್ಟೆಗಳ ಬಗ್ಗೆ ಅಸಭ್ಯ ಟೀಕೆ ಮಾಡಿದವರು,1
762,ಕ್ರಿಶ್ಚಿಯನ್ ಸಮುದಾಯದವರನ್ನು ದೇಶದ್ರೋಹಿಗಳು ಎಂದು ಕರೆದವರು,1
763,ಅಂತರ್ಧಾರ್ಮಿಕ ದಂಪತಿಯನ್ನು ಹೊಡೆದು ಪೊಲೀಸ್ ಠಾಣೆಗೆ ಎಳೆದರು,1
764,ಮಹಿಳೆಯರ ರಾತ್ರಿ ಕೆಲಸವನ್ನು ವಿರೋಧಿಸಿದ ಸಂಘಟನೆ,1
765,ಮುಸ್ಲಿಂ ಹುಡುಗಿಯ ಮದುವೆಗೆ ಧಾರ್ಮಿಕ ಆಧಾರದ ಮೇಲೆ ಅಡ್ಡಿ,1
766,ದಲಿತ ಕಾರ್ಯಕರ್ತನನ್ನು ಜಾತಿ ಆಧಾರದ ಮೇಲೆ ಅವಮಾನಿಸಿದವರು,1
767,ಮಹಿಳಾ ಮಂತ್ರಿಯ ವಿರುದ್ಧ ಅಶ್ಲೀಲ ಭಾಷೆ ಬಳಸಿದವರು,1
768,ಅಲ್ಪಸಂಖ್ಯಾತರ ಸ್ಮಶಾನಕ್ಕೆ ಅಡ್ಡಿ ಪಡಿಸಿದ ಗುಂಡಾಗಳು,1
769,ಜಾತಿ ಆಧಾರದ ಮೇಲೆ ಊಟ ಬಡಿಸಲು ನಿರಾಕರಿಸಿದ ಮಧ್ಯಾಹ್ನ ಭೋಜನದ ಅಡುಗೆಯವರು,1
770,ಮಹಿಳೆಯರು ಫೇಸ್‌ಬುಕ್ ಬಳಸಬಾರದು ಎಂದು ಪಂಚಾಯತ್ ನಿರ್ಧಾರ,1
771,ಮುಸ್ಲಿಂ ಯುವಕನನ್ನು ಪಾಕಿಸ್ತಾನಕ್ಕೆ ಹೋಗು ಎಂದು ಹೇಳಿದವರು,1
772,ದಲಿತ ಮಗುವನ್ನು ತರಗತಿಯಲ್ಲಿ ಹಿಂದೆ ಕುಳ್ಳಿರಿಸಿದ ಶಿಕ್ಷಕ,1
773,ಮಹಿಳಾ ಪತ್ರಕರ್ತೆಗೆ ರೇಪ್ ಬೆದರಿಕೆ ಹಾಕಿದ ನೆಟ್ಟಿಗರು,1
774,ಕ್ರಿಶ್ಚಿಯನ್ ಯುವತಿಯನ್ನು ಮತಾಂತರಿಸಲು ಬಲವಂತ ಮಾಡಿದವರು,1
775,ಅಂತರ್ಜಾತಿ ಪ್ರೇಮಿಗಳನ್ನು ಗೌರಕ್ಷಕರು ಹೊಡೆದು ಅವಮಾನಿಸಿದರು,1
776,ಮಹಿಳೆಯರ ಉದ್ಯೋಗ ಕುಟುಂಬ ಹಾಳು ಮಾಡುತ್ತದೆ ಎಂದು ಹೇಳಿದವರು,1
777,ಮುಸ್ಲಿಂ ಮಹಿಳೆಯನ್ನು ತ್ರಿವಾರ್ ತಲಾಕ್ ಎಂದು ಅವಮಾನಿಸಿದವರು,1
778,ದಲಿತ ವಿದ್ಯಾರ್ಥಿಗೆ ಜಾತಿ ಆಧಾರದ ಮೇಲೆ ವಸತಿ ನಿರಾಕರಿಸಿದವರು,1
779,ಮಹಿಳಾ ಕ್ರೀಡಾಪಟು ಮೇಲೆ ಲೈಂಗಿಕ ಟೀಕೆ ಮಾಡಿದ ತರಬೇತುದಾರ,1
780,ಅಲ್ಪಸಂಖ್ಯಾತರ ಪ್ರಾರ್ಥನಾ ಸ್ಥಳವನ್ನು ಮುರಿಯಲು ಕರೆ ನೀಡಿದವರು,1
781,ಜಾತಿ ಆಧಾರದ ಮೇಲೆ ಮದುವೆಗೆ ಅಡ್ಡಿ ಪಡಿಸಿದ ಪಂಚಾಯತ್,1
782,ಮಹಿಳೆಯರು ಜೀನ್ಸ್ ಧರಿಸಬಾರದು ಎಂದು ಹೇಳಿದ ಧಾರ್ಮಿಕ ನಾಯಕ,1
783,ಮುಸ್ಲಿಂ ಹುಡುಗನನ್ನು ಆತಂಕವಾದಿ ಎಂದು ಕರೆದು ಹೊಡೆದವರು,1
784,ದಲಿತ ಕುಟುಂಬದ ಬಾವಿಗೆ ಕಲ್ಲು ಹಾಕಿದ ಗುಂಪು,1
785,ಮಹಿಳಾ ನಾಯಕಿಯ ಮೇಲೆ ಆಸಿಡ್ ದಾಳಿ ಬೆದರಿಕೆ ಹಾಕಿದವರು,1
786,ಕ್ರಿಶ್ಚಿಯನ್ ಧಾರ್ಮಿಕ ಸಭೆಗೆ ಅಡ್ಡಿ ಪಡಿಸಿದ ಗುಂಡಾಗಳು,1
787,ಅಂತರ್ಧಾರ್ಮಿಕ ವಿವಾಹ ರದ್ದು ಮಾಡಲು ಒತ್ತಾಯಿಸಿದ ಕುಟುಂಬ,1
788,ಮಹಿಳೆಯರ ರಾಜಕೀಯ ಭಾಗವಹಿಸುವಿಕೆಯನ್ನು ವಿರೋಧಿಸಿದವರು,1
789,ಮುಸ್ಲಿಂ ಮಹಿಳೆಯ ಬುರ್ಖಾ ಕಿತ್ತು ಹಾಕಿದ ಘಟನೆ,1
790,ದಲಿತ ಯುವತಿಯನ್ನು ಜಾತಿ ಆಧಾರದ ಮೇಲೆ ಲೈಂಗಿಕವಾಗಿ ಕಿರುಕುಳ ಕೊಟ್ಟವರು,1
791,ಮಹಿಳಾ ಸಂಸದರ ಸಾಮರ್ಥ್ಯವನ್ನು ಪ್ರಶ್ನಿಸಿದ ಪುರುಷ ನಾಯಕ,1
792,ಅಲ್ಪಸಂಖ್ಯಾತರ ವಿರುದ್ಧ ಹಿಂಸಾತ್ಮಕ ಪ್ರಚಾರ ಮಾಡಿದ ಗುಂಪು,1
793,ಜಾತಿ ಆಧಾರದ ಮೇಲೆ ದೇವಾಲಯ ಪ್ರವೇಶ ನಿರಾಕರಿಸಿದ ಅರ್ಚಕರು,1
794,ಮಹಿಳೆಯರು ಮೊಬೈಲ್ ಬಳಸಬಾರದು ಎಂದು ಹೇಳಿದ ಪಂಚಾಯತ್,1
795,ಮುಸ್ಲಿಂ ವ್ಯಾಪಾರಿಗೆ ಧಾರ್ಮಿಕ ಆಧಾರದ ಮೇಲೆ ಬೆದರಿಕೆ,1
796,ದಲಿತ ಮಗುವಿಗೆ ಮಧ್ಯಾಹ್ನ ಭೋಜನ ಬಡಿಸಲು ನಿರಾಕರಿಸಿದವರು,1
797,ಮಹಿಳಾ ವಕೀಲರ ಮೇಲೆ ಅಸಭ್ಯ ಆರೋಪ ಮಾಡಿದ ವಿರೋಧಿ ವಕೀಲ,1
798,ಕ್ರಿಶ್ಚಿಯನ್ ಯುವಕನನ್ನು ಮತಾಂತರಿಸಲು ಒತ್ತಾಯಿಸಿದ ಗುಂಪು,1
799,ಅಂತರ್ಜಾತಿ ಪ್ರೇಮಿಗಳಿಗೆ ಸಾವಿನ ಬೆದರಿಕೆ ಹಾಕಿದ ಕುಟುಂಬ,1
800,ಮಹಿಳೆಯರ ಆಯ್ಕೆಯ ಸ್ವಾತಂತ್ರ್ಯವನ್ನು ವಿರೋಧಿಸಿದ ಧಾರ್ಮಿಕ ನಾಯಕ,1
801,ಮುಸ್ಲಿಂ ಹುಡುಗಿಯನ್ನು ಹಿಂದೂ ಹುಡುಗನ ಜೊತೆ ಮಾತನಾಡಿದ್ದಕ್ಕಾಗಿ ಹೊಡೆದವರು,1
802,ದಲಿತ ವಧುವಿನ ಕುದುರೆ ಮೆರವಣಿಗೆಗೆ ಅಡ್ಡಿ ಪಡಿಸಿದವರು,1
803,ಮಹಿಳಾ ಪ್ರಧಾನಿಯ ಮೇಲೆ ಲೈಂಗಿಕ ಟೀಕೆ ಮಾಡಿದ ವಿರೋಧ ಪಕ್ಷ,1
804,ಅಲ್ಪಸಂಖ್ಯಾತರ ಸ್ಮಶಾನವನ್ನು ಮುರಿಯಲು ಪ್ರಯತ್ನಿಸಿದ ಗುಂಪು,1
805,ಜಾತಿ ಆಧಾರದ ಮೇಲೆ ಬಾವಿಯಿಂದ ನೀರು ತೆಗೆಯಲು ನಿರಾಕರಿಸಿದವರು,1
806,ಮಹಿಳೆಯರು ಸಾರ್ವಜನಿಕ ಸ್ಥಳದಲ್ಲಿ ಮಾತನಾಡಬಾರದು ಎಂದು ಹೇಳಿದವರು,1
807,ಮುಸ್ಲಿಂ ಕುಟುಂಬದ ಮೇಲೆ ಧಾರ್ಮಿಕ ಆಧಾರದ ಮೇಲೆ ದಾಳಿ,1
808,ದಲಿತ ವಿದ್ಯಾರ್ಥಿನಿಯನ್ನು ಜಾತಿ ಹೆಸರಿನಿಂದ ಕರೆದು ನಿಂದಿಸಿದ ಶಿಕ್ಷಕ,1
809,ಮಹಿಳಾ ಕ್ರೀಡಾಪಟುವಿನ ದೇಹದ ಬಗ್ಗೆ ಅಸಭ್ಯ ಟೀಕೆ ಮಾಡಿದವರು,1
810,ಕ್ರಿಶ್ಚಿಯನ್ ಮಿಷನರಿಯನ್ನು ಹೊಡೆದು ಗಾಯಗೊಳಿಸಿದ ಗುಂಪು,1
811,ಅಂತರ್ಧಾರ್ಮಿಕ ದಂಪತಿಗೆ ಗ್ರಾಮ ಪ್ರವೇಶ ನಿರಾಕರಿಸಿದ ಪಂಚಾಯತ್,1
812,ಮಹಿಳೆಯರು ಉದ್ಯೋಗ ಮಾಡಿದರೆ ಕುಟುಂಬ ಹಾಳಾಗುತ್ತದೆ ಎಂದು ಹೇಳಿದವರು,1
813,ಮುಸ್ಲಿಂ ಯುವತಿಯನ್ನು ಧಾರ್ಮಿಕ ಆಧಾರದ ಮೇಲೆ ಅವಮಾನಿಸಿದವರು,1
814,ದಲಿತ ಕಾರ್ಯಕರ್ತನ ಮೇಲೆ ಜೀವ ಬೆದರಿಕೆ ಹಾಕಿದ ಗುಂಪು,1
815,ಮಹಿಳಾ ಪತ್ರಕರ್ತೆಗೆ ಅಶ್ಲೀಲ ಸಂದೇಶ ಕಳುಹಿಸಿದ ರಾಜಕಾರಣಿ,1
816,ಅಲ್ಪಸಂಖ್ಯಾತರ ಪ್ರಾರ್ಥನಾ ಸ್ಥಳಕ್ಕೆ ಬೆಂಕಿ ಹಚ್ಚಲು ಪ್ರಯತ್ನ,1
817,ಜಾತಿ ಆಧಾರದ ಮೇಲೆ ಹೋಟೆಲ್‌ನಲ್ಲಿ ಪ್ರವೇಶ ನಿರಾಕರಿಸಿದವರು,1
818,ಮಹಿಳೆಯರು ಹೊರಗೆ ಕೆಲಸ ಮಾಡುವುದು ಪಾಪ ಎಂದು ಹೇಳಿದವರು,1
819,ಮುಸ್ಲಿಂ ಹುಡುಗನನ್ನು ದೇಶದ್ರೋಹಿ ಎಂದು ಕರೆದು ಹೊಡೆದವರು,1
820,ದಲಿತ ವಧುವಿಗೆ ಪಲ್ಲಕ್ಕಿಯಲ್ಲಿ ಕುಳಿತುಕೊಳ್ಳಲು ನಿರಾಕರಿಸಿದವರು,1
821,ಮಹಿಳಾ ನಾಯಕಿಯ ವಿರುದ್ಧ ಅಸಭ್ಯ ಪೋಸ್ಟರ್ ಹಚ್ಚಿದವರು,1
822,ಕ್ರಿಶ್ಚಿಯನ್ ಯುವತಿಯನ್ನು ಮತಾಂತರಕ್ಕೆ ಒತ್ತಾಯಿಸಿದ ಗುಂಪು,1
823,ಅಂತರ್ಜಾತಿ ಪ್ರೇಮಿಗಳನ್ನು ಸಾರ್ವಜನಿಕವಾಗಿ ಹೊಡೆದ ಗುಂಡಾಗಳು,1
824,ಮಹಿಳೆಯರ ರಾತ್ರಿ ಹೊರಗೆ ಹೋಗುವುದನ್ನು ನಿಷೇಧಿಸಿದ ಪಂಚಾಯತ್,1
825,ಮುಸ್ಲಿಂ ಮಹಿಳೆಯ ಹಿಜಾಬ್ ಕಿತ್ತು ಹಾಕಿ ಅವಮಾನಿಸಿದವರು,1
826,ದಲಿತ ವಿದ್ಯಾರ್ಥಿಗೆ ಜಾತಿ ಆಧಾರದ ಮೇಲೆ ವಸತಿ ನಿರಾಕರಿಸಿದ ಕಾಲೇಜು,1
827,ಮಹಿಳಾ ವೈದ್ಯರ ಸಾಮರ್ಥ್ಯವನ್ನು ಪ್ರಶ್ನಿಸಿದ ಪುರುಷ ವೈದ್ಯ,1
828,ಅಲ್ಪಸಂಖ್ಯಾತರ ವ್ಯಾಪಾರವನ್ನು ಬಹಿಷ್ಕರಿಸಲು ಕರೆ ನೀಡಿದವರು,1
829,ಜಾತಿ ಆಧಾರದ ಮೇಲೆ ಮದುವೆ ಮಂಟಪಕ್ಕೆ ಪ್ರವೇಶ ನಿರಾಕರಿಸಿದವರು,1
830,ಮಹಿಳೆಯರು ಚುನಾವಣೆಯಲ್ಲಿ ನಿಲ್ಲಬಾರದು ಎಂದು ಹೇಳಿದವರು,1
831,ಮುಸ್ಲಿಂ ಹುಡುಗಿಯನ್ನು ಧಾರ್ಮಿಕ ಆಧಾರದ ಮೇಲೆ ಕಿರುಕುಳ ಕೊಟ್ಟವರು,1
832,ದಲಿತ ಕುಟುಂಬದ ಬಾವಿಯನ್ನು ಮುಚ್ಚಿದ ಗುಂಪು,1
833,ಮಹಿಳಾ ಕ್ರೀಡಾಪಟುವಿನ ಮೇಲೆ ಲೈಂಗಿಕ ಟೀಕೆ ಮಾಡಿದ ತರಬೇತುದಾರ,1
834,ಕ್ರಿಶ್ಚಿಯನ್ ಪಾದ್ರಿಯನ್ನು ಮತಾಂತರಕ್ಕೆ ಒತ್ತಾಯಿಸಿದ ಗುಂಪು,1
835,ಅಂತರ್ಧಾರ್ಮಿಕ ವಿವಾಹವನ್ನು ಜಿಹಾದ್ ಎಂದು ಕರೆದ ರಾಜಕಾರಣಿ,1
836,ಮಹಿಳೆಯರ ಸಾರ್ವಜನಿಕ ಸ್ಥಳದಲ್ಲಿ ಮಾತನಾಡುವುದನ್ನು ವಿರೋಧಿಸಿದವರು,1
837,ಮುಸ್ಲಿಂ ಯುವಕನನ್ನು ಪಾಕಿಸ್ತಾನಿ ಎಂದು ಕರೆದು ಹೊಡೆದವರು,1
838,ದಲಿತ ಮಗುವನ್ನು ತರಗತಿಯಲ್ಲಿ ಪ್ರತ್ಯೇಕವಾಗಿ ಕುಳ್ಳಿರಿಸಿದ ಶಿಕ್ಷಕ,1
839,ಮಹಿಳಾ ಸಂಸದರ ಮೇಲೆ ಅಶ್ಲೀಲ ಆರೋಪ ಮಾಡಿದ ವಿರೋಧ ಪಕ್ಷ,1
840,ಅಲ್ಪಸಂಖ್ಯಾತರ ಹಬ್ಬಕ್ಕೆ ಅಡ್ಡಿ ಪಡಿಸಿದ ಗುಂಡಾಗಳು,1
841,ಜಾತಿ ಆಧಾರದ ಮೇಲೆ ಆಸ್ಪತ್ರೆಯಲ್ಲಿ ಚಿಕಿತ್ಸೆ ನಿರಾಕರಿಸಿದವರು,1
842,ಮಹಿಳೆಯರು ತಮ್ಮ ಗಂಡನ ಅನುಮತಿಯಿಲ್ಲದೆ ಹೊರಗೆ ಹೋಗಬಾರದು ಎಂದು ಹೇಳಿದವರು,1
843,ಮುಸ್ಲಿಂ ಕುಟುಂಬದ ಮನೆಗೆ ಧಾರ್ಮಿಕ ಆಧಾರದ ಮೇಲೆ ಬೆಂಕಿ ಹಚ್ಚಿದವರು,1
844,ದಲಿತ ವಧುವಿನ ಮದುವೆ ಮೆರವಣಿಗೆಗೆ ಹಿಂಸೆ ನಡೆಸಿದವರು,1
845,ಮಹಿಳಾ ವಕೀಲರ ವಿರುದ್ಧ ಅಸಭ್ಯ ಆರೋಪ ಮಾಡಿದ ವಿರೋಧಿ ವಕೀಲ,1
846,ಕ್ರಿಶ್ಚಿಯನ್ ಚರ್ಚ್‌ಗೆ ಧಾರ್ಮಿಕ ಆಧಾರದ ಮೇಲೆ ದಾಳಿ ನಡೆಸಿದವರು,1
847,ಅಂತರ್ಜಾತಿ ದಂಪತಿಗೆ ಸಾವಿನ ಬೆದರಿಕೆ ಹಾಕಿದ ಗುಂಪು,1
848,ಮಹಿಳೆಯರ ಶಿಕ್ಷಣವನ್ನು ವಿರೋಧಿಸಿದ ಧಾರ್ಮಿಕ ನಾಯಕ,1
849,ಮುಸ್ಲಿಂ ಮಹಿಳೆಯನ್ನು ಧಾರ್ಮಿಕ ಆಧಾರದ ಮೇಲೆ ಅವಮಾನಿಸಿದವರು,1
850,ದಲಿತರಿಗೆ ದೇವಾಲಯದಲ್ಲಿ ಪೂಜೆ ಮಾಡಲು ನಿರಾಕರಿಸಿದ ಪುರೋಹಿತರು,1
851,ಮಹಿಳಾ ಪತ್ರಕರ್ತೆಗೆ ಲೈಂಗಿಕ ಕಿರುಕುಳ ನೀಡಿದ ರಾಜಕಾರಣಿ,1
852,ಅಲ್ಪಸಂಖ್ಯಾತರ ಸ್ಮಶಾನವನ್ನು ಮುರಿಯಲು ಕರೆ ನೀಡಿದವರು,1
853,ಜಾತಿ ಆಧಾರದ ಮೇಲೆ ಹೋಟೆಲ್‌ನಲ್ಲಿ ಆಹಾರ ಬಡಿಸಲು ನಿರಾಕರಿಸಿದವರು,1
854,ಮಹಿಳೆಯರು ಉದ್ಯೋಗ ಮಾಡುವುದು ತಪ್ಪು ಎಂದು ಹೇಳಿದ ಧರ್ಮೋಪದೇಶಕ,1
855,ಮುಸ್ಲಿಂ ಹುಡುಗನನ್ನು ಗೋ ಮಾಂಸ ತಿಂದನೆಂದು ಆರೋಪಿಸಿ ಹೊಡೆದವರು,1
856,ದಲಿತ ವಿದ್ಯಾರ್ಥಿನಿಯನ್ನು ಜಾತಿ ಆಧಾರದ ಮೇಲೆ ಅವಮಾನಿಸಿದ ಶಿಕ್ಷಕ,1
857,ಮಹಿಳಾ ಕ್ರೀಡಾಪಟುವಿನ ಬಟ್ಟೆಗಳ ಬಗ್ಗೆ ಅಸಭ್ಯ ಟೀಕೆ ಮಾಡಿದವರು,1
858,ಕ್ರಿಶ್ಚಿಯನ್ ಮಿಷನರಿಯನ್ನು ಮತಾಂತರಿಸುತ್ತಿದ್ದಾರೆ ಎಂದು ಆರೋಪಿಸಿ ಹೊಡೆದವರು,1
859,ಅಂತರ್ಧಾರ್ಮಿಕ ಪ್ರೇಮಿಗಳನ್ನು ಸಾರ್ವಜನಿಕವಾಗಿ ಅವಮಾನಿಸಿದವರು,1
860,ಮಹಿಳೆಯರು ರಾತ್ರಿ ಹೊರಗೆ ಹೋಗುವುದನ್ನು ನಿಷೇಧಿಸಿದ ಗುಂಪು,1
861,ಮುಸ್ಲಿಂ ಕುಟುಂಬವನ್ನು ಗ್ರಾಮದಿಂದ ಹೊರಹಾಕಲು ಒತ್ತಾಯಿಸಿದವರು,1
862,ದಲಿತ ಯುವಕನನ್ನು ಜಾತಿ ಹೆಸರಿನಿಂದ ಕರೆದು ಹೊಡೆದವರು,1
863,ಮಹಿಳಾ ಪ್ರಧಾನಿಯ ಮೇಲೆ ಲೈಂಗಿಕ ಟೀಕೆ ಮಾಡಿದ ವಿರೋಧ ಪಕ್ಷ,1
864,ಅಲ್ಪಸಂಖ್ಯಾತರ ಪ್ರಾರ್ಥನಾ ಮಂದಿರವನ್ನು ಮುರಿಯಲು ಪ್ರಯತ್ನಿಸಿದವರು,1
865,ಜಾತಿ ಆಧಾರದ ಮೇಲೆ ಬಾವಿಯಿಂದ ನೀರು ತೆಗೆಯಲು ನಿರಾಕರಿಸಿದವರು,1
866,ಮಹಿಳೆಯರು ಪುರುಷರೊಂದಿಗೆ ಕೆಲಸ ಮಾಡಬಾರದು ಎಂದು ಹೇಳಿದವರು,1
867,ಮುಸ್ಲಿಂ ಯುವತಿಯನ್ನು ಧಾರ್ಮಿಕ ಆಧಾರದ ಮೇಲೆ ಕಿರುಕುಳ ಕೊಟ್ಟವರು,1
868,ದಲಿತ ವಧುವಿನ ಮದುವೆಗೆ ಜಾತಿ ಆಧಾರದ ಮೇಲೆ ಅಡ್ಡಿ ಪಡಿಸಿದವರು,1
869,ಮಹಿಳಾ ನಾಯಕಿಯ ವಿರುದ್ಧ ಅಶ್ಲೀಲ ಪ್ರಚಾರ ಮಾಡಿದವರು,1
870,ಕ್ರಿಶ್ಚಿಯನ್ ಯುವಕನನ್ನು ಮತಾಂತರಕ್ಕೆ ಬಲವಂತಪಡಿಸಿದವರು,1
871,ಅಂತರ್ಜಾತಿ ವಿವಾಹ ಮಾಡಿದ ದಂಪತಿಗೆ ಗ್ರಾಮ ಪ್ರವೇಶ ನಿರಾಕರಿಸಿದವರು,1
872,ಮಹಿಳೆಯರ ವಾಹನ ಚಾಲನೆಯನ್ನು ವಿರೋಧಿಸಿದ ಪಂಚಾಯತ್,1
873,ಮುಸ್ಲಿಂ ಮಹಿಳೆಯ ಬುರ್ಖಾವನ್ನು ಕಿತ್ತು ಅವಮಾನಿಸಿದವರು,1
874,ದಲಿತ ವಿದ್ಯಾರ್ಥಿಗೆ ಜಾತಿ ಆಧಾರದ ಮೇಲೆ ವಸತಿ ನಿರಾಕರಿಸಿದವರು,1
875,ಮಹಿಳಾ ವೈದ್ಯರ ವಿರುದ್ಧ ಅಸಭ್ಯ ಆರೋಪ ಮಾಡಿದ ರೋಗಿ,1
876,ಅಲ್ಪಸಂಖ್ಯಾತರ ವ್ಯಾಪಾರವನ್ನು ಬಹಿಷ್ಕರಿಸಲು ಪ್ರಚಾರ ಮಾಡಿದವರು,1
877,ಜಾತಿ ಆಧಾರದ ಮೇಲೆ ಮದುವೆ ಮಂಟಪದಲ್ಲಿ ಪ್ರವೇಶ ನಿರಾಕರಿಸಿದವರು,1
878,ಮಹಿಳೆಯರು ಚುನಾವಣೆಯಲ್ಲಿ ಮತ ಚಲಾಯಿಸಬಾರದು ಎಂದು ಹೇಳಿದವರು,1
879,ಮುಸ್ಲಿಂ ಹುಡುಗಿಯನ್ನು ದೇಶದ್ರೋಹಿ ಎಂದು ಕರೆದು ಕಿರುಕುಳ ಕೊಟ್ಟವರು,1
880,ದಲಿತ ಕುಟುಂಬದ ಮನೆಗೆ ಜಾತಿ ಆಧಾರದ ಮೇಲೆ ಬೆಂಕಿ ಹಚ್ಚಿದವರು,1
881,ಮಹಿಳಾ ಕ್ರೀಡಾಪಟುವಿನ ಮೇಲೆ ಅಶ್ಲೀಲ ಟೀಕೆ ಮಾಡಿದ ತರಬೇತುದಾರ,1
882,ಕ್ರಿಶ್ಚಿಯನ್ ಪಾದ್ರಿಯನ್ನು ಮತಾಂತರಕ್ಕಾಗಿ ಆರೋಪಿಸಿ ಹೊಡೆದವರು,1
883,ಅಂತರ್ಧಾರ್ಮಿಕ ದಂಪತಿಗೆ ಸಾವಿನ ಬೆದರಿಕೆ ಹಾಕಿದ ಗುಂಡಾಗಳು,1
884,ಮಹಿಳೆಯರ ಸಾರ್ವಜನಿಕ ಭಾಷಣವನ್ನು ವಿರೋಧಿಸಿದ ಗುಂಪು,1
885,ಮುಸ್ಲಿಂ ಯುವಕನನ್ನು ಆತಂಕವಾದಿ ಎಂದು ಕರೆದು ಹೊಡೆದವರು,1
886,ದಲಿತ ಮಗುವನ್ನು ತರಗತಿಯಲ್ಲಿ ಜಾತಿ ಆಧಾರದ ಮೇಲೆ ಪ್ರತ್ಯೇಕಿಸಿದವರು,1
887,ಮಹಿಳಾ ಸಂಸದರ ಮೇಲೆ ಲೈಂಗಿಕ ಆರೋಪ ಮಾಡಿದ ವಿರೋಧ ಪಕ್ಷ,1
888,ಅಲ್ಪಸಂಖ್ಯಾತರ ಧಾರ್ಮಿಕ ಸ್ಥಳಕ್ಕೆ ದಾಳಿ ನಡೆಸಿದ ಗುಂಪು,1
889,ಜಾತಿ ಆಧಾರದ ಮೇಲೆ ಆಸ್ಪತ್ರೆಯಲ್ಲಿ ಚಿಕಿತ್ಸೆ ನಿರಾಕರಿಸಿದ ವೈದ್ಯರು,1
890,ಮಹಿಳೆಯರು ತಮ್ಮ ಆಯ್ಕೆಯಿಂದ ಉಡುಗೆ ಧರಿಸಬಾರದು ಎಂದು ಹೇಳಿದವರು,1
891,ಮುಸ್ಲಿಂ ಕುಟುಂಬದ ಮೇಲೆ ಧಾರ್ಮಿಕ ಹಿಂಸಾಚಾರ ನಡೆಸಿದವರು,1
892,ದಲಿತ ವಧುವಿನ ಮದುವೆ ಮೆರವಣಿಗೆಗೆ ಹಿಂಸೆ ನಡೆಸಿದ ಗುಂಪು,1
893,ಮಹಿಳಾ ವಕೀಲರ ಮೇಲೆ ಅಶ್ಲೀಲ ಆರೋಪ ಮಾಡಿದ ವಿರೋಧಿ ವಕೀಲ,1
894,ಕ್ರಿಶ್ಚಿಯನ್ ಚರ್ಚ್‌ಗೆ ಧಾರ್ಮಿಕ ಆಧಾರದ ಮೇಲೆ ಬೆದರಿಕೆ ಹಾಕಿದವರು,1
895,ಅಂತರ್ಜಾತಿ ಪ್ರೇಮಿಗಳನ್ನು ಸಾರ್ವಜನಿಕವಾಗಿ ಹೊಡೆದು ಅವಮಾನಿಸಿದವರು,1
896,ಮಹಿಳೆಯರ ಶಿಕ್ಷಣವನ್ನು ವಿರೋಧಿಸಿದ ಧರ್ಮೋಪದೇಶಕ,1
897,ಮುಸ್ಲಿಂ ಮಹಿಳೆಯನ್ನು ಧಾರ್ಮಿಕ ಆಧಾರದ ಮೇಲೆ ಕಿರುಕುಳ ಕೊಟ್ಟವರು,1
898,ದಲಿತರಿಗೆ ದೇವಾಲಯದಲ್ಲಿ ಪ್ರವೇಶ ನಿರಾಕರಿಸಿದ ಪುರೋಹಿತರು,1
899,ಮಹಿಳಾ ಪತ್ರಕರ್ತೆಗೆ ಲೈಂಗಿಕ ಬೆದರಿಕೆ ಹಾಕಿದ ರಾಜಕಾರಣಿ,1
900,ಅಲ್ಪಸಂಖ್ಯಾತರ ಸ್ಮಶಾನವನ್ನು ಧ್ವಂಸ ಮಾಡಲು ಕರೆ ನೀಡಿದವರು,1
901,ಜಾತಿ ಆಧಾರದ ಮೇಲೆ ಹೋಟೆಲ್‌ನಲ್ಲಿ ಸೇವೆ ನಿರಾಕರಿಸಿದವರು,1
902,ಮಹಿಳೆಯರು ಉದ್ಯೋಗ ಮಾಡುವುದು ಅನೈತಿಕ ಎಂದು ಹೇಳಿದವರು,1
903,ಮುಸ್ಲಿಂ ಹುಡುಗನನ್ನು ಗೋವಧೆಗಾಗಿ ಆರೋಪಿಸಿ ಹೊಡೆದವರು,1
904,ದಲಿತ ವಿದ್ಯಾರ್ಥಿನಿಯನ್ನು ಜಾತಿ ಆಧಾರದ ಮೇಲೆ ನಿಂದಿಸಿದ ಪ್ರಾಧ್ಯಾಪಕ,1
905,ಮಹಿಳಾ ಕ್ರೀಡಾಪಟುವಿನ ದೇಹದ ಬಗ್ಗೆ ಅಸಭ್ಯ ಟೀಕೆ ಮಾಡಿದವರು,1
906,ಕ್ರಿಶ್ಚಿಯನ್ ಮಿಷನರಿಯನ್ನು ಮತಾಂತರದ ಆರೋಪದಲ್ಲಿ ಹೊಡೆದವರು,1
907,ಅಂತರ್ಧಾರ್ಮಿಕ ದಂಪತಿಗೆ ಗ್ರಾಮ ಪ್ರವೇಶ ನಿರಾಕರಿಸಿದ ಪಂಚಾಯತ್,1
908,ಮಹಿಳೆಯರು ರಾತ್ರಿ ಹೊರಗೆ ಹೋಗುವುದನ್ನು ನಿಷೇಧಿಸಿದ ಧಾರ್ಮಿಕ ನಾಯಕ,1
